ID,BID_ID,STATE,TRANSFER_METHOD,INSERTED_AT,COMPANY_ID,NUM_SHARES,PRICE_PER_SHARE,GROSS_PROCEEDS,_FIVETRAN_DELETED,_FIVETRAN_SYNCED
ca22b06c-a67d-47b7-ac26-e5947b231a24,7aac78e1-be1d-4867-8a85-5f230ffd1fc5,cancelled,direct,2024-07-16 14:30:00.579 Z,b26101c2-a987-4071-8cd9-5c5abcd8875b,7418,341,2529538,false,2024-10-09 20:40:47.535 Z
c7543d24-7eaf-42cc-a00d-0e848352f351,4713cec5-7d53-49c3-b501-7b5cfe757cc9,cancelled,direct,2024-07-19 07:24:59.986 Z,50ecd2e9-7bc4-45c5-bb60-d64ff01a8e80,1095,74,81030,false,2024-10-09 20:40:47.580 Z
1715cf07-4e3e-40d7-8019-a9ad6329b3fa,15cf034e-1bbe-4a3f-8af1-619955a8f92d,pending_approval,direct,2024-08-24 00:03:45.346 Z,da3c9b0e-4ce6-4c76-868a-f226a44d7b81,5426,257,1394482,false,2024-10-09 20:40:47.582 Z
064ddef1-b990-467f-a12e-7768bb4ca7b8,5ec972a8-de27-42b4-8c84-ec74d2b75238,pending_approval,direct,2024-08-22 16:39:16.548 Z,85290b11-492b-4971-91d8-8313eb6d8a60,3871,191,739361,false,2024-10-09 20:40:47.579 Z
e76ffa92-3659-4012-b094-8cdc30f0ebbc,9fcc4167-92d9-409f-8a34-faa668cfe502,pending_approval,direct,2024-08-19 21:45:04.374 Z,cd8f2286-8b8f-49cd-b450-ecadc33500d6,2800,146,408800,false,2024-10-09 20:40:47.581 Z
a217279d-4864-44bf-bfc3-e107b32b3824,d89b4532-e142-4b42-b725-909733fe59de,expired,direct,2024-07-15 14:36:00.390 Z,1fc317e8-6f8f-4cf8-a6b4-3040135542a2,522,49,25578,false,2024-10-09 20:40:47.585 Z
6b551b73-8548-4ab7-a9ed-1ae8222e90ae,a39eeb82-1082-4a5d-a0e1-66f559f0f0f9,pending_approval,direct,2024-07-19 23:03:22.752 Z,98fa2c8f-d698-44ef-ad5a-a0d721f85fda,6977,323,2253571,false,2024-10-09 20:40:47.564 Z
4e99283d-d22d-42da-b173-b0ecbb2976cf,f7dc1a4c-a408-4293-b7b2-c8103d389b5d,pending_approval,direct,2024-08-14 07:12:00.683 Z,b6190981-4c28-4543-9a2c-923435f4726b,8360,381,3185160,false,2024-10-09 20:40:47.576 Z
7dd63013-1910-4f4d-af1a-2c75c2798e24,ba5ba91f-f8cb-4266-9ab3-b4419ef31220,cancelled,direct,2024-07-18 01:48:40.755 Z,a41ce6fb-da8a-448e-b316-bce1c891d8cb,2337,126,294462,false,2024-10-09 20:40:47.581 Z
07743bda-f569-436a-9dda-8767513ef4a4,440ae227-4ad6-46b7-829e-84d5f0f8a7eb,pending_approval,direct,2024-07-16 14:03:02.105 Z,9f96e7cb-3825-4c6a-b6be-dbab198d7471,6160,288,1774080,false,2024-10-09 20:40:47.584 Z
e0128bad-3f14-4d7f-9187-76e10804c381,60be16cd-83a3-42ba-abd9-6a11d3f2cb10,cancelled,direct,2024-07-16 16:02:15.949 Z,f87dbfa2-0065-4693-9ae7-32e6ee8471af,4165,204,849660,false,2024-10-09 20:40:47.584 Z
061e6783-ddc6-49e7-896e-1843f501c7d1,ee5e7315-4292-4e23-8780-019d09aca66c,bid_accepted,direct,2024-08-09 18:07:53.295 Z,62b3f269-d33b-482e-895f-71621b808c00,6695,311,2082145,false,2024-10-09 20:40:47.562 Z
98650fcb-bc45-4c59-a2a2-10af17d35cf1,7f34e692-e876-4d8c-a98b-5b6bfeed9c94,cancelled,forward_contract,2024-07-25 02:10:52.690 Z,b9a95b5d-30be-4703-a484-28f3c3753491,1582,94,148708,false,2024-10-09 20:40:47.584 Z
f4c502f6-32f2-4525-af06-d2c7b7c34133,f650f8a8-4b3b-4243-9da3-176beca363a2,bid_accepted,forward_contract,2024-08-21 18:39:43.103 Z,8243e37b-2c48-494b-9da7-f2aab4ee1219,8565,390,3340350,false,2024-10-09 20:40:47.584 Z
2409e601-eb0b-4ca7-ab1e-9a494d5206e5,158a9c9c-8cd9-4f93-b507-3926924927a1,cancelled,forward_contract,2024-08-12 14:04:21.052 Z,83c8e8cd-77f1-4c48-bd84-73bc9df2310d,5835,274,1598790,false,2024-10-09 20:40:47.571 Z
a94d87b2-862e-45ed-8dc0-13df011d535b,c7b4ab63-3014-4e3e-aa26-3c502f2b280f,bid_accepted,forward_contract,2024-08-26 22:25:04.497 Z,795fc616-9c92-4438-966e-eb246ce871a9,1220,79,96380,false,2024-10-09 20:40:47.574 Z
fb601dc3-07aa-460d-91e9-fb8f0d7ad0d6,ed69fdda-c257-4227-9127-691604db2e50,cancelled,direct,2024-07-25 21:24:05.536 Z,cad4e4e7-b88e-4618-ad46-2219e3a06467,8543,389,3323227,false,2024-10-09 20:40:47.584 Z
0d8ba877-3c7d-4798-ac0e-08447958596b,7ab2ea61-1ba1-4911-a8af-44b9d5625c03,expired,direct,2024-08-23 17:41:40.635 Z,a75bf264-04cb-47bd-9757-52a702576086,8585,391,3356735,false,2024-10-09 20:40:47.585 Z
bdc75eba-5325-4db2-bb9b-e073125b5dcb,d4bb1279-c637-4e31-bfa3-6e7c76e26ff6,pending_approval,direct,2024-07-13 00:11:02.834 Z,dd6b7ef2-dbec-4f33-ad16-656d26d60eba,3805,188,715340,false,2024-10-09 20:40:47.570 Z
2e2c7d33-ab5f-4b9b-a727-0d6a6aaa9893,1c6bc27a-9b54-456c-beea-58d4e6fc843f,pending_approval,direct,2024-08-10 19:04:31.380 Z,c8f501f5-9b6e-483c-bcc9-9ec385632870,4875,234,1140750,false,2024-10-09 20:40:47.572 Z
1f769232-0ab6-4a2f-bfad-b75ee5578586,3a5aecc5-722a-4708-bd79-9dd0f9035550,expired,direct,2024-08-26 18:44:55.960 Z,a391b53c-a46f-4eb6-b117-1104e7b8a717,2622,138,361836,false,2024-10-09 20:40:47.586 Z
7047f93d-a35c-401f-a720-8298c8b55856,001332d9-453f-40c1-a23d-0dd862cd6425,pending_approval,direct,2024-08-11 12:22:25.733 Z,bc5a8ee9-ab1a-4664-bf73-9a8564d6a425,4379,213,932727,false,2024-10-09 20:40:47.575 Z
ba3b4e4b-f39b-4753-8f5b-485124345c36,9fb62950-e096-4cb2-86a6-12e8040e503b,pending_approval,direct,2024-07-18 19:46:20.776 Z,52f02058-00cc-43d1-a74b-8537919c6f7d,988,69,68172,false,2024-10-09 20:40:47.573 Z
75e8ba0e-764d-4992-a5d4-7fec57eab8e4,e41c93a1-d356-48bc-8925-853db9c423dc,closed_paid,forward_contract,2024-07-18 14:35:23.981 Z,305aedf7-b6e7-4731-acf2-db2c1081be6f,9799,442,4331158,false,2024-10-09 20:40:47.528 Z
d3cabf70-d3e0-4296-a224-2c21614e3359,9be4ce2c-86eb-4668-b62d-3902eb540b81,cancelled,direct,2024-07-24 00:40:30.307 Z,4197ef23-8049-4bac-b112-dc16768b2bf3,3017,155,467635,false,2024-10-09 20:40:47.582 Z
d83e21f8-a6b8-4ac1-a940-010f4d1af72c,60a1e8cf-7e07-48cd-b3b0-42863ba93d85,expired,direct,2024-08-22 19:04:52.515 Z,c25005d9-b95c-4f1e-9b36-ca361e5ff752,1281,82,105042,false,2024-10-09 20:40:47.585 Z
480eb68f-5e5e-454f-b711-1724164335fc,c7d05166-87ab-41b0-8705-e00bcefa1181,cancelled,direct,2024-09-26 20:31:25.658 Z,94fac467-be50-4536-997f-ffd7f41db9f8,371,43,15953,false,2024-10-09 20:40:47.586 Z
eb1d3232-6a6b-4ef7-8e29-0c90e43ee39f,623fb3f3-46e5-4b44-8b81-d1b4b521c01b,cancelled,forward_contract,2024-07-23 19:15:05.001 Z,39fdba72-ff91-4d6b-abc5-f32bc0b11d8e,9196,416,3825536,false,2024-10-09 20:40:47.581 Z
7b349a03-ef6b-4f44-b3e3-889dfca37ce9,7490376c-8b31-40bb-a7b1-ddddbefffaab,cancelled,forward_contract,2024-08-11 16:59:08.101 Z,e6e6b4f2-a97a-461a-8748-79d97c5f5db2,881,65,57265,false,2024-10-09 20:40:47.581 Z
459e6d7d-19c8-4b10-b3f1-af8c5952a072,9b1d469f-687a-4f9a-b1cb-015032e2cb01,bid_accepted,direct,2024-08-24 21:24:57.556 Z,3202c20d-aed5-482a-a749-9bd4d42a1bc9,2036,114,232104,false,2024-10-09 20:40:47.584 Z
04d52561-c54b-4ff4-acc5-7c82c78be2ff,c31440ad-49fe-4255-9fc2-dd7460832f0a,bid_accepted,direct,2024-08-02 02:08:17.443 Z,5c8783e4-9665-418f-9600-0aed5f7b4452,1068,73,77964,false,2024-10-09 20:40:47.582 Z
ee6fe5be-14ae-4462-94b9-d12a2ffb8046,c79ecc55-1388-4b73-a433-f3c9bcda6abe,cancelled,direct,2024-07-17 19:22:52.696 Z,e0ae6db0-99ab-46db-9f50-98a16deab8cb,8600,391,3362600,false,2024-10-09 20:40:47.568 Z
21f393c7-38c4-4279-8051-2bde81364457,119c6726-db36-4e90-8806-c78bd5018057,pending_approval,direct,2024-08-01 23:11:17.907 Z,a9a3f4ae-9477-4212-90d2-a3c0c53f3770,2535,135,342225,false,2024-10-09 20:40:47.581 Z
ed10b8cb-72a3-441b-b396-17f437d59677,6412763d-5bc2-4b53-8dd6-ec36575ce4a4,pending_approval,direct,2024-08-27 19:08:55.733 Z,1e13bd3d-4d23-484e-ad36-7416f3ce2be4,5472,259,1417248,false,2024-10-09 20:40:47.585 Z
b94e4eb2-72e8-4240-b5ff-267b946f84c5,2edae1ec-57d0-48bf-b49c-685b85e1b08f,cancelled,direct,2024-07-24 23:45:20.726 Z,6af8d0ac-10ee-4bc9-bbb3-d214d06eaf89,3560,178,633680,false,2024-10-09 20:40:47.583 Z
208e86f0-1e46-44d7-b1ea-be3a9e0b4b1f,2f115d01-fb4d-46fe-ac94-fd6a09284b87,pending_approval,direct,2024-08-17 22:19:38.078 Z,ce196cf5-9945-4bcc-890a-89971a95eca3,8487,386,3275982,false,2024-10-09 20:40:47.584 Z
8c51d756-e39c-4f40-96e0-454dbab370f1,522cdc66-2d32-4a4c-9039-be61e48cbcb0,cancelled,unknown,2024-07-23 21:58:05.548 Z,4c6235c6-d9d5-435c-a89e-1df8c17fc3cf,7113,328,2333064,false,2024-10-09 20:40:47.535 Z
d4631e22-bee6-447c-83dc-4f1cec06fac0,4ce1ed42-a676-4635-8859-d7f1c65388ed,expired,direct,2024-08-23 16:05:54.784 Z,3d72e93c-69aa-4eaa-814f-8453dc2963f3,7398,340,2515320,false,2024-10-09 20:40:47.586 Z
55e8a64f-b3df-4040-9eb3-678ede62afa3,9f6f280e-b8f0-46a9-87c7-8877d04b90ee,expired,direct,2024-08-26 17:27:36.112 Z,eb364ddb-d3f4-437e-b724-bf4309c480af,835,63,52605,false,2024-10-09 20:40:47.586 Z
41feb72a-932e-438d-aff8-4b1e259eec26,cf40a1f3-b94d-4c08-a496-3dcf4177fadf,pending_approval,direct,2024-08-01 14:50:32.440 Z,b0212f68-2cb2-4be9-b2a0-284bdb2c2696,7867,360,2832120,false,2024-10-09 20:40:47.575 Z
3e52f8ea-a7ad-46a8-9bdf-74f9e6c99e17,fc71a0ba-ced9-4c88-a20b-0b41fcab6b6c,cancelled,direct,2024-08-12 03:08:45.034 Z,e4006d6a-596f-4f68-ba82-4cc3aae64042,5013,239,1198107,false,2024-10-09 20:40:47.516 Z
c73725e1-9d52-490c-a3c0-e702d3872003,0fa508f4-2bab-4551-9192-03043e6508a3,closed_paid,direct,2024-07-30 01:08:27.852 Z,9c9e229f-2085-4e0a-9c1e-d9e3d267edb6,4512,218,983616,false,2024-10-09 20:40:47.584 Z
df96bb61-1f2c-4e6a-9354-2d580f8eb854,efbdbfee-5cf0-4a84-b618-08f5620ac1e2,bid_accepted,direct,2024-08-09 20:36:51.994 Z,0d1ade2e-a2fd-4741-be2d-ca4cf238c2fd,6174,289,1784286,false,2024-10-09 20:40:47.566 Z
05d89e43-eaed-4b45-893f-704d4b9e2ef6,5a42ce14-44c9-4d12-9447-47a7101e8b0b,pending_approval,direct,2024-08-12 23:57:44.964 Z,b904f47d-41f6-4590-9ab4-70adc77f1d6e,7505,345,2589225,false,2024-10-09 20:40:47.582 Z
eacdc4ec-ca3f-4d14-8a0d-9cb465ed4d74,354e5909-0f12-4fc2-a164-74c8c0d90a27,bid_accepted,direct,2024-10-07 16:47:55.560 Z,eb513f3a-c550-4e77-bb16-35f5b404a1bb,1617,96,155232,false,2024-10-09 20:40:47.586 Z
77f9994c-db14-4099-b856-73d417b843a7,f2b5242f-43aa-4ef9-85c3-db7e0a2faf82,pending_approval,direct,2024-08-16 00:16:08.787 Z,18c36405-5147-4a13-8416-9aa7ba9c21ae,1595,95,151525,false,2024-10-09 20:40:47.583 Z
0221297c-a46b-4daa-879c-0067f59da9f1,b6d2c4fc-5c16-43d7-a15c-7f27b9cca0ec,expired,direct,2024-07-30 20:00:13.115 Z,0f667191-2850-4def-ad57-0dd5127c6e90,6577,306,2012562,false,2024-10-09 20:40:47.577 Z
5e504ecd-cb15-4e94-ae9f-08f26882457f,10af8103-b279-4dfa-94ee-c938d70ed5c6,pending_approval,direct,2024-08-21 17:08:35.448 Z,eeac17c4-43e8-4e59-9f85-dc1a7ac236f8,2031,113,229503,false,2024-10-09 20:40:47.583 Z
e9ac9838-f02f-49fd-8be3-c41386bbf5a0,9b1d68e1-d2ab-4c17-9025-ed430a177a60,cancelled,unknown,2024-07-31 21:34:32.564 Z,bb7a0e68-6c5d-4b95-ad85-0992bb40c4e1,3537,177,626049,false,2024-10-09 20:40:47.581 Z
809f7f24-ac52-4b7e-94af-3a5beb588069,1a336b20-4068-4805-a49b-49bec78602b5,bid_accepted,direct,2024-09-27 18:39:36.132 Z,ede47d3a-edb4-4548-9afe-3d970e9dec55,384,44,16896,false,2024-10-09 20:40:47.586 Z
029d024e-e0c9-4835-be57-3148e06ce04c,68ce987a-b78c-47c8-9f3a-2d5c991e72c9,expired,direct,2024-08-27 15:00:19.409 Z,ee45a586-f556-4e39-9b59-073ebfa1cea9,1331,84,111804,false,2024-10-09 20:40:47.586 Z
3a389998-cd99-4881-a20d-c717b617b49c,6571f807-2f6a-48de-a36f-2bfb7399e9a2,pending_approval,direct,2024-08-02 17:53:53.737 Z,f1e5a780-eceb-4c39-9133-a01dbeca7ec4,1295,82,106190,false,2024-10-09 20:40:47.584 Z
ebabd3c9-3147-4986-ba57-dad18f81528a,9f051c5a-3db5-4143-8c0d-5675d2e185b6,expired,direct,2024-09-26 16:22:08.701 Z,60879722-5741-4a2a-8cfb-323b02d67242,5164,246,1270344,false,2024-10-10 17:59:45.236 Z
21d6a703-d6c1-4e70-8aca-b0cb4fb18448,b3f0697b-941d-4adf-afcc-7485fb79b26a,closed_paid,forward_contract,2024-07-18 04:19:43.371 Z,95d31f4d-7279-4445-b4e5-4b02f4d92ee3,3243,165,535095,false,2024-10-09 20:40:47.524 Z
85e09e21-60b9-4c06-9e0b-1834eb854e28,c1356668-838d-49b2-8dce-43268a56bf44,pending_approval,direct,2024-08-22 14:47:48.287 Z,5c97c0dd-4ae6-403c-ac61-7d13104f539c,4192,205,859360,false,2024-10-09 20:40:47.571 Z
a263721c-5504-4a05-818b-9141ed960af2,06159dd5-4ced-418a-a245-0c90a76d3811,approval_declined,direct,2024-08-04 14:41:58.511 Z,b4457d02-a473-4d74-b5a2-b51f7d86b219,3649,182,664118,false,2024-10-09 20:40:47.577 Z
39b94209-1b65-4c31-8581-495dfe9b48a7,2ec887a5-d9f5-4d84-9887-dd7832ab7798,pending_approval,direct,2024-07-29 04:30:13.329 Z,ad436ef9-6adb-4b38-a2a3-6e7c3cc31b92,3450,173,596850,false,2024-10-09 20:40:47.585 Z
152717e8-9e2c-417c-bc94-95c6365b429f,6154e949-4874-4e5a-9b85-a0428aa32622,expired,direct,2024-07-23 16:04:11.721 Z,1a861900-c90b-42a7-8b90-8a7ce9e7dcc1,5293,251,1328543,false,2024-10-09 20:40:47.572 Z
c15f3a5c-659b-4499-ad94-4a470e55d98f,e31a9da4-61e8-4abf-a983-7e3273e55d8c,bid_accepted,forward_contract,2024-10-04 18:29:11.401 Z,c6dbaea3-3a40-4ef4-a8b2-f12fb6b47e82,8928,405,3615840,false,2024-10-09 20:40:47.586 Z
b6e6dea6-5df6-4cf9-819f-1c3d4532a044,05941fbf-afe4-4d00-a75a-db7c22155d03,cancelled,direct,2024-08-03 18:44:34.111 Z,dd11638b-e7a3-4a37-b7a5-43f7394ed857,7191,332,2387412,false,2024-10-09 20:40:47.519 Z
9c5d4887-e68d-43a6-a6c4-1c279cd2fee4,5a284946-633d-4951-92e9-727e111af2eb,pending_approval,direct,2024-08-23 01:34:46.552 Z,e3724203-a60c-445e-8c89-4aad8ee482d2,1544,93,143592,false,2024-10-09 20:40:47.584 Z
6045a5db-9b33-4d5a-933a-22f6d24f7d1e,1fe84c7a-9f9d-4986-9671-b7a20c32f1e3,bid_accepted,direct,2024-08-26 06:14:49.367 Z,56fd8883-36a9-4f8b-bab0-5b5b5e8a3b9f,5221,248,1294808,false,2024-10-09 20:40:47.581 Z
c317618f-dc3b-45d0-9384-11e844607bfc,43508388-317d-46cd-ae80-8e8df12c2607,cancelled,direct,2024-07-27 14:35:57.234 Z,2de90ebf-ec0c-455e-a0c7-7f7108b126c8,1046,72,75312,false,2024-10-09 20:40:47.585 Z
b6c218a7-cfd0-4018-8649-e4996410db73,a8990a79-8a14-45cc-8a8d-5557c2147586,expired,direct,2024-07-23 16:23:27.388 Z,d9e397fa-dcd2-4a4a-be2f-f39afacd5c8e,5676,268,1521168,false,2024-10-09 20:40:47.580 Z
7e0242d3-c0e9-42ac-80de-6bb5321297f1,8987eb2d-1941-48ec-b4f4-028446bf5e17,cancelled,forward_contract,2024-08-09 20:18:50.747 Z,03bb7150-174e-4442-8212-eca1c7544a03,699,57,39843,false,2024-10-09 20:40:47.569 Z
3286f02a-9edf-419f-bac6-7dcf27c5b4b6,e403fe99-5648-47bf-abfd-e037e0769308,expired,direct,2024-07-24 21:16:44.911 Z,683c24e0-88df-48f0-b050-037df136bcaf,3726,185,689310,false,2024-10-09 20:40:47.583 Z
d65fe873-0691-481d-931d-5e94cea40877,f80e4e07-680a-4430-93ad-208d5aa05043,pending_approval,direct,2024-07-31 17:06:16.499 Z,e494a357-bfe1-4dd4-a9dd-e86239b114ac,7232,333,2408256,false,2024-10-09 20:40:47.583 Z
7a00946b-3254-414a-9e41-dca4840f1c19,0f11d144-cd39-4718-9841-a94c969d9a23,cancelled,direct,2024-08-02 17:42:40.235 Z,2b7f3734-9556-41f2-9a3d-13e41f173cee,6775,314,2127350,false,2024-10-09 20:40:47.583 Z
d7c4a9a6-47ac-4f90-88d7-9f77913654dd,c50a0cbb-e7a0-44ed-a026-ec113c7f826c,pending_approval,direct,2024-07-29 19:31:07.813 Z,c435770d-a2d0-4137-9415-34de8ea53f67,3383,171,578493,false,2024-10-09 20:40:47.582 Z
34aa5785-f03e-48d7-ba48-3c26a3241e28,37ed8b5c-e5ec-4fc3-bf4f-32b5951c1428,expired,direct,2024-08-21 10:51:16.609 Z,f329f139-3b16-459a-ada9-89add195ad66,7548,347,2619156,false,2024-10-09 20:40:47.586 Z
847d127a-b2cb-45d1-a65a-e50ae6dd4446,f1e29aaf-076f-4447-bede-1718fc38a150,cancelled,forward_contract,2024-07-29 13:46:41.651 Z,192e1fe3-3f47-4107-b23f-ac0cc48f14e4,6756,313,2114628,false,2024-10-09 20:40:47.585 Z
e28f3c15-39df-41f2-9a16-92de4a4adc03,5309b13b-0acc-4e95-9395-396e94d0ac2b,cancelled,direct,2024-07-18 01:48:40.424 Z,1efebe0b-246a-44f1-abd5-a2f20f112fe6,4859,233,1132147,false,2024-10-09 20:40:47.579 Z
b6888864-c2bb-44e3-84f3-3ea846b12703,ba6d9253-b157-47fa-8ce3-1f84883779d5,pending_approval,direct,2024-07-18 17:10:56.060 Z,4d5b808e-3a3d-4750-9680-afb0321038d7,6523,303,1976469,false,2024-10-09 20:40:47.581 Z
0d73805e-0859-4c51-a7c4-ef22015d3fbf,e536d494-4646-4a87-bb96-f726d51d8abc,bid_accepted,forward_contract,2024-08-23 04:57:57.118 Z,3e393759-69c7-4842-8d3e-51cf45a13ae6,1092,74,80808,false,2024-10-09 20:40:47.584 Z
ea6b54df-820d-46d1-8dab-a659082eb15c,e186ad2b-e1a2-4602-90fa-a4ad7c22d74d,pending_approval,direct,2024-08-10 13:17:44.522 Z,a055e705-9a3d-405e-9157-7e1c11a17175,7519,345,2594055,false,2024-10-09 20:40:47.569 Z
510b60c3-e0e7-4682-838b-167ceb522d43,d841e611-70cf-4f61-b6ac-4fddf8c4999a,pending_approval,direct,2024-07-22 20:57:35.541 Z,4a52e338-996a-4234-b7b7-a88247c22684,5297,252,1334844,false,2024-10-09 20:40:47.567 Z
f0046509-eb90-4198-a460-2671d3406d47,8bf72d0e-101c-4ff8-b9ee-8f3bbe8b7494,cancelled,direct,2024-07-27 05:23:58.026 Z,09b98637-3502-423d-9c1c-072490d674a7,4589,222,1018758,false,2024-10-09 20:40:47.585 Z
56b57316-a4aa-46d8-9509-25dc84a159e0,c62ead6f-9f80-40ad-8541-69bdb85a4d98,closed_paid,direct,2024-07-18 20:48:00.615 Z,f26493aa-0dd1-4c88-ad78-704019167e62,4937,236,1165132,false,2024-10-09 20:40:47.577 Z
fa3627f2-8181-4e73-99b4-ee69cc8ef571,d5f54483-8f82-46a0-91bb-4925f86da78b,bid_accepted,direct,2024-10-09 20:30:52.249 Z,6e926266-d5d0-44b3-ab76-348732f2a164,3300,167,551100,false,2024-10-09 20:40:47.587 Z
3938fb85-1e60-4c33-b43c-db5046113ff4,b23226c7-bcca-4749-81da-40691f8a214b,closed_paid,direct,2024-07-16 15:38:38.351 Z,b672cae1-b18b-40ff-8c6c-058e144f8d74,7300,336,2452800,false,2024-10-09 20:40:47.585 Z
00eebdd8-06c7-4230-8520-3a840d230d8a,f577820f-739e-4f62-812f-fafd3c78cc24,bid_accepted,direct,2024-10-07 16:41:34.912 Z,685852b6-eef1-4462-a539-f449ec16ff73,2750,144,396000,false,2024-10-09 20:40:47.586 Z
e211d500-6b4f-43c7-a7d5-7540e892469f,8b1eb0bf-0ad5-4e3c-ac87-5096c20266c1,cancelled,direct,2024-08-01 13:45:23.323 Z,9e357e82-fb11-4fd5-8585-71d38ed6359d,8857,402,3560514,false,2024-10-09 20:40:47.568 Z
b207d403-f521-4d48-bdc3-e32aafe588fa,ec767a93-831d-4011-a1ae-7f25f6c61c30,pending_approval,direct,2024-07-25 06:04:47.884 Z,ae609899-c763-46bf-bd63-0231c8262330,8321,379,3153659,false,2024-10-09 20:40:47.583 Z
5dbfde4d-ac85-4515-8fa1-e1c0724bc2e3,09dd202b-4b71-4095-9fe5-b7b8b4fc8615,closed_paid,direct,2024-07-18 00:52:12.580 Z,ea8496b1-fdec-48fe-9edd-fd74935f6bdc,9054,410,3712140,false,2024-10-09 20:40:47.578 Z
f53cba71-3e01-4bcf-8dd1-b188b31d0f3e,c2966875-b7fd-48ce-9e50-78b2734ef402,bid_accepted,direct,2024-10-04 19:42:13.725 Z,d657f32f-b782-438d-9a29-0475d254b5ae,8887,403,3581461,false,2024-10-09 20:40:47.586 Z
2b9a04e1-4025-49d4-bf95-63cc452d2732,856769b7-dcf7-4a92-9b76-3caf0a1c21e9,pending_approval,direct,2024-07-17 16:37:43.413 Z,8cc37828-25f0-4739-9a60-f9a360264709,2814,146,410844,false,2024-10-09 20:40:47.536 Z
75b9a8e2-0b3f-4919-893b-1e2e92ed2bd6,20872290-f8dc-438f-8146-04ecc1707039,pending_approval,direct,2024-07-30 18:57:02.436 Z,b63e3d7f-c043-4c41-816b-0ec15b9db77c,7158,330,2362140,false,2024-10-09 20:40:47.582 Z
3ea241df-95e5-4d33-9762-4883541922e8,a27367b8-3291-4f6a-bd53-28ab210298f1,pending_approval,direct,2024-08-12 20:30:17.473 Z,036f39cd-e337-47c2-b60d-2dc198593bb7,2092,116,242672,false,2024-10-09 20:40:47.581 Z
98e74785-7216-4fac-967d-0f3a9349ef65,35b83788-1882-4a09-93c1-652286b3940a,expired,direct,2024-07-19 19:08:32.228 Z,63c4bd3e-d6b3-46db-b492-10a90ab898b2,9974,449,4478326,false,2024-10-09 20:40:47.517 Z
e7a0bcb9-44a6-43ac-91d4-1efdc6ac7d55,7d427074-32b2-4f03-af51-985bb51e8054,cancelled,direct,2024-08-06 15:20:17.534 Z,8714be44-e48d-4d7b-93a3-894dec80eb08,5839,274,1599886,false,2024-10-09 20:40:47.579 Z
14b7eaf6-ad33-48f3-aa42-69d85dc2d177,14c68fb4-4828-417c-b74f-dd0d42cdd4fb,cancelled,direct,2024-07-19 15:21:33.475 Z,67491be8-b06f-4b00-a69c-15699ef72893,888,65,57720,false,2024-10-09 20:40:47.583 Z
0c5ae407-9acd-4729-bcc1-b70dcd1bc604,66b8b80f-b123-47d2-974c-110398a9d86b,bid_accepted,direct,2024-09-27 18:41:36.551 Z,6800678f-581f-4f30-bd25-bfb216bbeda6,9388,425,3989900,false,2024-10-09 20:40:47.586 Z
a34dd7de-00fc-44da-b52a-2c91c4417889,6be5cb1c-9cde-4768-a863-0dfa53903869,expired,direct,2024-08-26 15:15:14.489 Z,65faa5d6-03f9-4db2-8bfb-66ee26056dba,8185,374,3061190,false,2024-10-09 20:40:47.586 Z
4a019fe8-6e49-48af-b3b6-bf836dd3e15f,e156a35d-21eb-407a-a1d6-dff373763565,expired,direct,2024-08-26 21:41:38.812 Z,a1bfe2cd-5578-4dd2-b1db-9bde9173edae,7996,366,2926536,false,2024-10-09 20:40:47.585 Z
6ad1cc34-fb3c-4b7f-ac6f-2d69990065aa,72d73295-1879-46db-806b-2f5ddee2e19c,bid_accepted,direct,2024-07-19 15:20:10.668 Z,ba39007f-f458-4faf-b15f-0c74078e0899,5336,253,1350008,false,2024-10-09 20:40:47.584 Z
58dbe852-6a79-4694-a5fe-f727f3dcb55c,453888c0-b648-4660-bae0-75d683744857,expired,direct,2024-08-24 15:34:41.994 Z,d56d809d-4f85-4c09-840c-9952be536108,3472,174,604128,false,2024-10-09 20:40:47.585 Z
a913d5d8-1031-4cc5-986e-bed43987627c,71527ecf-e483-40b0-9d09-bbed48fd89f5,expired,direct,2024-08-21 20:19:59.149 Z,d9be5323-f307-415e-a002-a115d24f4ef4,3332,168,559776,false,2024-10-09 20:40:47.586 Z
17c258b6-2da2-4971-a421-5c9ecb490e50,56e576e3-12b9-43b2-89f6-b7fd69207987,pending_approval,direct,2024-07-25 17:26:11.425 Z,a1db1bee-9228-4b1f-b519-dce5bbc3d1dd,5235,249,1303515,false,2024-10-09 20:40:47.585 Z
296b864b-ee0b-46dc-9113-0147767d9d38,4721bf76-e30e-4003-a5c5-712135e40681,closed_paid,direct,2024-07-23 15:35:14.079 Z,e0081ec8-296a-4988-8587-5d8056ba1764,2527,134,338618,false,2024-10-09 20:40:47.582 Z
a4b5bafc-dca4-4ed9-8acd-9d9f52bab95b,908957b1-fbc9-49a1-b890-6c0318578a88,bid_accepted,direct,2024-10-09 19:37:14.342 Z,a2bf0f4e-e767-42bc-b5fb-38246856946a,8659,394,3411646,false,2024-10-09 20:40:47.587 Z
0bf8f76f-ff37-4adc-9e1a-f2020585a339,a6a10f77-ecf1-4961-9996-c695656e8123,pending_approval,direct,2024-08-26 21:21:22.761 Z,69c2a9c3-2ae4-48e9-9182-3c8c159c82cf,3006,155,465930,false,2024-10-09 20:40:47.581 Z
1db49ed1-38e7-4d1c-8485-a54a1bde97bf,073cc83d-892b-4c74-ac53-8ae4f111e4cd,pending_approval,direct,2024-08-15 23:33:37.175 Z,cc185245-7844-4897-be86-c0751be465e5,3326,168,558768,false,2024-10-09 20:40:47.582 Z
f7bac6fa-48fd-4381-a6a9-8629955a5778,93ca044d-f407-4faf-8d6c-85bf0da0d430,pending_approval,direct,2024-08-05 06:11:47.603 Z,dce1272e-40e4-4078-9875-ff1c1f9a5d5d,5164,246,1270344,false,2024-10-09 20:40:47.581 Z
db440eae-cf92-4d51-b2ae-3f3506438ebf,894cabce-0d38-4d2d-810a-2acb3567df70,expired,direct,2024-07-24 14:43:27.820 Z,06cf0286-18fd-494c-8370-a887b147eb01,9900,446,4415400,false,2024-10-09 20:40:47.586 Z
c04b75e3-9b27-470c-aa9f-d44a53dc8a88,10527050-8719-4215-a1ba-41dcebd30581,expired,direct,2024-08-23 17:42:32.070 Z,0140e423-eb1f-42ef-a5fc-e061ae7cb877,8546,389,3324394,false,2024-10-09 20:40:47.585 Z
5a5e064d-2b3e-47df-a69c-423b4060acfc,a86e29ab-2426-4b3e-be96-707dbcd0cfac,cancelled,direct,2024-07-22 11:23:32.632 Z,06acf8a4-0a0c-47f2-9213-1298b966c0af,6935,321,2226135,false,2024-10-09 20:40:47.583 Z
1f90d23b-ffb2-4acc-b447-9bb1e1c58303,ece42128-7104-4d7a-8a3f-d6936ae44e56,bid_accepted,forward_contract,2024-08-23 17:19:39.660 Z,6c28e98b-0050-43da-8677-420e3cc1a887,4572,221,1010412,false,2024-10-09 20:40:47.518 Z
e07266fa-27fb-4fb9-92ad-8f5b96ec5770,f41fe4dc-e1c6-4198-985d-ce8287b07dc3,pending_approval,direct,2024-07-22 20:02:02.011 Z,ebcd80e3-607e-4d82-8233-3cadf7d105bc,2315,125,289375,false,2024-10-09 20:40:47.584 Z
0a4c88b8-9fa4-4c51-8b3b-069dae822e23,860cc1ef-3523-4ead-97ab-82530a5976bd,pending_approval,direct,2024-08-16 22:30:37.713 Z,8be061c0-18fc-41b2-b97f-6d1581e9ca93,4221,206,869526,false,2024-10-09 20:40:47.583 Z
a5cc3ef7-1c5b-4688-9362-a86cb58de762,dce5ccc7-3ec6-4f69-a920-0ad5d26a8e04,cancelled,direct,2024-07-16 13:40:12.380 Z,55d90753-4f0f-4388-9075-74f54b6f91de,5023,240,1205520,false,2024-10-09 20:40:47.516 Z
d1da75a1-7f62-4930-8387-9d00f819e7c6,c8e92f39-22cd-4ced-8f9d-82c2ddb0ed7e,pending_approval,direct,2024-07-23 16:29:10.124 Z,6425abb6-602a-436b-a508-31a6168783ef,450,46,20700,false,2024-10-09 20:40:47.584 Z
9bf23aba-65c3-4dec-9b8a-98fbcb0c22c5,c2a19669-a5ed-4628-8125-f9775a6c57b3,pending_approval,direct,2024-07-25 16:24:40.630 Z,d27fda4c-1cc4-4b96-9718-3d2aa0bbb80a,4203,205,861615,false,2024-10-09 20:40:47.583 Z
7ab998db-4e91-4ff8-8f0a-dca81c4a5542,0e5a1302-04a3-457b-b181-6966b611d7ea,pending_approval,direct,2024-07-30 01:41:01.589 Z,794dcff9-2393-4dd9-a8aa-8733ad4c53cc,2056,114,234384,false,2024-10-09 20:40:47.567 Z
13b7b86a-aead-41a1-9a74-53baa3a69307,0d671f16-cea6-413d-991c-a15dcb501fa9,pending_approval,direct,2024-08-07 22:11:20.450 Z,8356d5f8-6ccf-4795-b6ea-3b685fa51a29,8125,371,3014375,false,2024-10-09 20:40:47.581 Z
340a8798-494b-435e-8a05-d8197bf4a57c,768bf170-bcff-4fde-b97a-20cadfedfd6b,closed_paid,forward_contract,2024-07-23 22:43:45.896 Z,d9e64889-d31d-4675-b1c1-5e24cea75363,3980,196,780080,false,2024-10-09 20:40:47.581 Z
0d2456f8-3019-4fe0-bd6f-42cc7dc74da6,93b3a960-67e8-41c6-86aa-b25e11083fee,closed_paid,direct,2024-07-16 18:14:33.854 Z,cdaf7e4a-909b-495c-be2a-7d1c393a7f20,7207,332,2392724,false,2024-10-09 20:40:47.565 Z
297f82ff-22e3-4436-a71c-9ecdaa22df83,d52ac067-7ce0-4601-ad1f-b7821f6e2f0e,pending_approval,direct,2024-08-24 01:28:41.463 Z,0d92e8cf-5105-46de-8351-6331473cf52d,468,47,21996,false,2024-10-09 20:40:47.570 Z
68fb1d90-a9fa-47f3-a8b6-edc28aba88d0,2439451b-054b-471d-aeba-9bde3cb302bd,pending_approval,direct,2024-08-15 13:48:52.984 Z,25ff8c9e-3a58-476b-b3e3-7450973640c0,3009,155,466395,false,2024-10-09 20:40:47.566 Z
f1ad4afb-21a7-4af8-b39d-1876f2814195,33795ecb-f3ba-435a-bb9c-200abf40e8a4,pending_approval,direct,2024-08-27 01:43:24.834 Z,c43f5987-6b45-4c7b-a29f-889211a7b24c,1808,104,188032,false,2024-10-09 20:40:47.581 Z
71a12af7-53b0-4786-af66-e2252d6fe542,fe977166-f066-4e2b-bc5a-df959c76e0c0,pending_approval,direct,2024-07-29 15:56:04.523 Z,b0db53fb-5179-4fce-a951-8c9dbae21778,5569,263,1464647,false,2024-10-09 20:40:47.585 Z
1a2d4a05-800b-4f1a-a758-504dc0967583,b7687357-8db9-4b66-8a38-593f5809347d,bid_accepted,forward_contract,2024-10-01 18:50:37.575 Z,6cf52bdb-6172-4db9-9bd0-3fd594c64958,9163,415,3802645,false,2024-10-09 20:40:47.586 Z
3b3a845d-cbc3-433c-9dba-f2da9a16c532,1437426b-7210-4c7d-abef-83504fe68a94,cancelled,direct,2024-07-16 16:33:56.872 Z,067bf3af-98be-469f-a350-39cb96c49988,1189,78,92742,false,2024-10-09 20:40:47.581 Z
91646bb1-d674-4640-b340-641bc2d6de62,8c51997b-57af-4b39-b6cf-7303306ee8fb,expired,direct,2024-07-19 14:15:16.435 Z,2384a4c7-bf79-469c-a978-e48e689179a4,4847,232,1124504,false,2024-10-09 20:40:47.563 Z
17c6c0b1-ba7a-4409-8d12-a9095eea8c97,bd380052-6d35-4c79-ac95-54a1395a8650,expired,direct,2024-08-20 19:56:20.663 Z,58ac33d2-3e62-41f4-8d8b-676d17fc9b23,2139,118,252402,false,2024-10-09 20:40:47.585 Z
3e72dca4-2cc5-41a4-a908-cba436c89406,781ef08b-4c07-4975-9aa5-df4abe9d3b53,pending_approval,direct,2024-08-08 18:10:01.781 Z,869856e3-fac7-45dc-892b-8ca57504efd3,6826,316,2157016,false,2024-10-09 20:40:47.518 Z
6f211fd1-bf3e-4efd-a033-7b33581cfc8d,83b18675-d9b2-4bbd-908f-6b74450cfcdd,bid_accepted,direct,2024-09-30 23:16:54.459 Z,98c6575f-f1fd-4af7-851c-ae6926225d39,1852,106,196312,false,2024-10-09 20:40:47.586 Z
8a10de60-5dff-4284-af6f-0537219d3de2,c5d092f5-61b7-41fa-869d-5a4481066c44,cancelled,direct,2024-07-16 19:57:38.834 Z,b011785f-5053-48c5-a46f-24bc581e5b9b,2196,120,263520,false,2024-10-09 20:40:47.579 Z
43a92fe5-2d61-4600-9ad2-baec39016dac,6b391d3b-8a32-4f4a-8231-1fb933328522,bid_accepted,direct,2024-10-09 19:41:06.854 Z,d262080e-322c-44e6-b175-ac65b4886718,7465,343,2560495,false,2024-10-09 20:40:47.587 Z
b0db581e-6f0d-4a00-a3ff-ff48147445da,aadf1cac-872c-4bb4-a529-0d3f0dbf0dd7,expired,direct,2024-08-08 19:32:39.968 Z,1f05207d-4055-4d63-a00c-7df76bd15e51,1808,104,188032,false,2024-10-09 20:40:47.585 Z
b2b113c1-d6f4-4daa-94a1-bd314fbbf212,ee1e4cf7-e64b-4370-bb79-aa179ec31674,closed_paid,forward_contract,2024-08-20 20:13:40.606 Z,d5f2485d-fac0-4338-a289-441fc5816296,5119,244,1249036,false,2024-10-09 20:40:47.565 Z
6b5b61f6-4331-4809-9e54-63d32dc0a2c3,dc46c07d-93b7-47e4-8759-9b672d1abad3,pending_approval,direct,2024-07-15 22:56:20.201 Z,64eeb0af-ddcf-4214-96c7-925481f00950,4440,215,954600,false,2024-10-09 20:40:47.577 Z
0364dbde-6216-415d-b25a-544b3a4bfbd3,338d3df0-3d3b-4ec0-b850-e306be0ffaff,cancelled,direct,2024-08-21 15:35:44.367 Z,b2522270-10e1-41c3-b546-568a7f95e527,793,61,48373,false,2024-10-09 20:40:47.582 Z
4f7aaf0b-e25c-46c6-96ff-f3b2c7395ea5,8237e110-02dd-4248-a179-76d167df1d3f,expired,direct,2024-08-26 15:50:01.847 Z,9c10635a-b701-4da0-b717-1c5eff64704b,2629,139,365431,false,2024-10-09 20:40:47.586 Z
fe7d437f-9dba-4e2c-a369-80c0ffb3d3a5,d01d5e93-1ae5-4ec8-a8bf-b5d5b751f865,cancelled,direct,2024-07-14 18:21:24.412 Z,4077c651-89fc-4d27-8c4d-612c66870f9e,8967,407,3649569,false,2024-10-09 20:40:47.524 Z
069d281e-65fe-4422-b4b0-61f93666be5a,2f58d83d-0336-4807-9ac4-ee9cfb3a7560,pending_approval,direct,2024-08-08 15:13:46.217 Z,67dda086-6196-4294-8ca4-bb621fae4cd1,9529,431,4106999,false,2024-10-09 20:40:47.583 Z
9773702f-75ef-440d-8ba8-8db62209a45d,903b2019-8db0-4b79-878f-234be32ddd30,pending_approval,direct,2024-08-27 17:07:06.350 Z,3b8f3116-7631-46d5-a9c3-5a1318f6e308,7252,334,2422168,false,2024-10-09 20:40:47.584 Z
5189a59f-7881-450e-8a77-75519fecc911,281d4fb8-5a56-42a6-95fe-d0cd20ac3f30,expired,direct,2024-08-21 21:51:56.125 Z,3cc87e7e-7a5b-47a2-82a3-05d9030d6035,2088,116,242208,false,2024-10-09 20:40:47.585 Z
bf6585b1-265a-4b7c-bee3-687386535bc7,c688913c-b4c2-4136-8d31-326f542070c8,expired,direct,2024-08-22 00:01:49.978 Z,d84339b8-52aa-48d5-8372-7cd1a7c453ec,6275,293,1838575,false,2024-10-09 20:40:47.585 Z
4b4e2019-d86f-4848-aa69-337ddc69c985,5c8874d8-120b-45df-a6ce-82f854e8e3cc,pending_approval,direct,2024-08-23 21:24:42.238 Z,ea3692e5-7f65-4a84-8e20-ddff5df228be,2751,144,396144,false,2024-10-09 20:40:47.584 Z
6968bcab-94b4-4465-8c9e-9d9e1fea07ec,1761eb91-6b8d-43f0-9e9b-ffe67f862499,bid_accepted,direct,2024-09-30 12:34:14.066 Z,b5a67bc7-a04f-4945-8120-5b62a6f1decd,4461,216,963576,false,2024-10-09 20:40:47.586 Z
9dbac8ad-4707-4d74-9c80-f4b8477169cd,bbba46ca-a602-4650-844a-a2653fb27889,cancelled,direct,2024-07-29 18:00:20.075 Z,4d386f99-d1b9-47ca-8280-a3808747279c,1233,80,98640,false,2024-10-09 20:40:47.585 Z
98c11c65-3c96-4ea3-a424-7adbe0a9bca4,9b5813c1-a68d-43c8-a885-6cb602c00fc3,pending_approval,direct,2024-08-21 21:46:10.168 Z,747786d2-b48a-4496-8483-c6cdb1d52b26,8023,367,2944441,false,2024-10-09 20:40:47.552 Z
967b2563-2300-484c-a996-c3840c15f84c,12b474f0-9dc6-45c7-8165-65a9eecbfd2c,pending_approval,direct,2024-08-13 19:38:16.708 Z,f683f47f-4933-443f-9bbd-f48d35623783,9188,416,3822208,false,2024-10-09 20:40:47.583 Z
b25e9458-7e66-4f20-9a29-2d75611589ca,07e3099d-3b05-4d23-a651-d6866dfb75d6,bid_accepted,forward_contract,2024-07-30 15:22:18.337 Z,1f2b8873-80af-4fd2-b1cf-e22ee684d697,5416,257,1391912,false,2024-10-09 20:40:47.566 Z
88a65673-5531-4273-9fd0-0ab099dada4e,4f678ad9-14ad-42c1-a867-244d92bc87c4,closed_paid,forward_contract,2024-07-17 23:19:16.573 Z,6cc161e8-7a2e-4eaf-bacd-287d6c409cf7,681,56,38136,false,2024-10-09 20:40:47.573 Z
5578e5ff-71b0-4ca4-8b38-631d2b5e7f4c,b959179a-b105-4c9a-aa8e-856e5c9da3dd,pending_approval,direct,2024-07-17 11:57:14.960 Z,d3299fcd-dc47-4969-bc9a-a6b7fb1f476b,8554,389,3327506,false,2024-10-09 20:40:47.576 Z
cf88dcd3-3b91-4c8f-8754-905b02a8f10f,aa9d8e1d-76af-4f91-bdfd-640bf14e2c7f,cancelled,direct,2024-08-01 16:07:12.971 Z,2ca3f29c-8fd4-4b0f-a3e8-3f076eab913c,7348,338,2483624,false,2024-10-09 20:40:47.581 Z
48f8d246-2427-45f7-877d-8d53311d4ec8,52184043-149a-4657-a5d6-e0f440de8c6f,cancelled,direct,2024-08-08 03:30:14.259 Z,a89c1488-aa7c-424b-9ac9-62a89e44ce91,1638,97,158886,false,2024-10-09 20:40:47.582 Z
29e1c8c4-efd6-429f-aadd-d386e52bc358,008f9402-e29a-41fe-bdb8-c7f2b83999b0,expired,direct,2024-08-27 18:21:13.201 Z,0f94bb0b-8b9c-4f44-9234-01024fb0aa82,1390,86,119540,false,2024-10-09 20:40:47.586 Z
10462085-7826-4fc1-a066-fce021290884,fedffc9a-78fc-444f-aeb4-6af82b67380d,expired,direct,2024-08-26 15:50:08.531 Z,b00bbeb8-1357-45f8-909c-8d0b74f95cec,2497,133,332101,false,2024-10-09 20:40:47.586 Z
5f34c342-6d41-4f96-965c-aa6950b23d0f,4678bea6-4639-488f-99e0-4b1bebc07d07,expired,direct,2024-07-24 15:58:30.960 Z,8e862bd1-c279-4420-b051-6caf3dd94f93,7098,328,2328144,false,2024-10-09 20:40:47.583 Z
c2e2b516-21c6-4b69-8bec-f618a190bc3a,787dfd06-165c-40ab-9cc1-5178bf41d8b2,cancelled,direct,2024-08-05 18:59:37.071 Z,6d14e295-e1ac-4465-9395-57602f619e32,2462,132,324984,false,2024-10-09 20:40:47.585 Z
2154c263-ff56-4fb3-a94f-aeee243cc3ff,545cbfb5-56f6-4a88-a854-35c0b29f522c,cancelled,direct,2024-08-13 21:46:44.770 Z,b12d17e2-4f55-4261-8c22-dfd23d3f99ce,7395,340,2514300,false,2024-10-09 20:40:47.582 Z
e362dc38-12f9-4912-bba7-6c4f9e5774ec,f90527f7-6d20-4ef6-bee6-c3d30638b6ea,pending_approval,direct,2024-08-14 06:20:37.544 Z,db0f63fc-df5a-41c2-b1ae-1b0640294311,4008,197,789576,false,2024-10-09 20:40:47.581 Z
47fc2191-7ac5-497a-ad69-d058653e1531,8f11216c-f167-45d5-8346-8aee6d7f01bb,pending_approval,direct,2024-07-17 04:18:48.456 Z,58400081-d369-4758-9387-d3ecb6acf64b,9589,433,4152037,false,2024-10-09 20:40:47.575 Z
3dee3f3c-1145-4352-a483-ce13c0f6bc1c,0422258c-af7a-4a3b-a98e-e70df30dc6ab,pending_approval,direct,2024-08-16 00:14:53.331 Z,16a9427a-74c2-485c-b328-693ba3b50b85,779,60,46740,false,2024-10-09 20:40:47.582 Z
6a22793c-cd77-46bc-8c13-4160ce5bde6e,bb84932a-7d10-4b15-96d2-ed1c279fda5e,pending_approval,direct,2024-07-26 20:55:42.462 Z,81d58866-151b-46cd-8e6f-4d9650693036,1459,89,129851,false,2024-10-09 20:40:47.585 Z
e0bae0e9-7225-414c-add1-c9cf610c21ff,888d349f-ae63-4675-aeab-d393c3fc502c,pending_approval,direct,2024-07-18 20:06:11.673 Z,c55bfecb-95f4-4896-acb0-be4fc9d6d793,8979,407,3654453,false,2024-10-09 20:40:47.575 Z
53eb9221-2b06-4188-97e5-dc676304562b,85180eaa-3aca-4f78-871b-90b1bb9fa739,cancelled,direct,2024-08-22 14:28:03.821 Z,77fe7af5-4e04-4cc2-90a5-2adc9002b137,501,49,24549,false,2024-10-09 20:40:47.570 Z
e730eaa2-7bc0-466f-8532-2c4696c37b2f,fc3d5336-b4ba-4035-9c97-cc3ee41725fa,expired,direct,2024-08-23 13:58:16.685 Z,58b55e48-5dee-4b5e-8f01-c0a6b45f8acc,7768,356,2765408,false,2024-10-09 20:40:47.586 Z
405c6268-81fe-4d5a-ac2b-8d47ab7601be,79a42557-5f91-4601-95f5-ca7de72f6d1d,cancelled,direct,2024-07-17 11:27:14.756 Z,36c57c64-f3d6-4140-bd8c-ae93dd907d2c,5726,270,1546020,false,2024-10-09 20:40:47.576 Z
4fe58f1e-af17-4db1-8998-6292e959a851,59d47472-4166-4fdf-81f6-2f7532fa11ec,bid_accepted,direct,2024-08-23 18:41:38.344 Z,e38789c0-8d10-48ab-91b5-ccd24d07e41f,6217,290,1802930,false,2024-10-09 20:40:47.569 Z
7d9fdb60-f60c-4ead-8fee-74d2c53412a4,21e7dd2b-badc-4240-8bfb-2cf2141a249b,cancelled,direct,2024-07-16 07:14:19.386 Z,03ca7b15-d832-4470-9040-7eed63de9ee9,9969,449,4476081,false,2024-10-09 20:40:47.580 Z
d7929246-5ee0-410a-ae38-28a89a176f8c,21aa090b-4b1d-481e-abb4-8e9cc7144b69,cancelled,forward_contract,2024-08-01 20:10:41.011 Z,8f4688c4-27c3-4136-b18d-6ffe271d0f2c,2272,124,281728,false,2024-10-09 20:40:47.576 Z
025b3be9-fd6d-4111-b5b4-00075e614c90,b21983ea-1ee2-4d75-9ec2-b14443120579,pending_approval,direct,2024-08-02 17:54:18.204 Z,0fd1c25b-bddd-459c-9470-a687a10f20c0,9340,423,3950820,false,2024-10-09 20:40:47.584 Z
e7e4fee5-f3bb-42a6-936f-dcc491758ec4,e294a866-8089-4fd1-8dd9-18a835219827,bid_accepted,forward_contract,2024-08-13 02:53:48.678 Z,ec535ec8-dc54-470b-b205-9657600149a0,5431,257,1395767,false,2024-10-09 20:40:47.583 Z
0a6a9879-6c29-4728-8acf-3aa1bfdf2c10,b3aff33f-62fc-473d-ab68-828ccf41f814,cancelled,direct,2024-08-16 15:39:30.559 Z,14135138-3baa-4a1b-9f32-07896a8c8ca2,2136,118,252048,false,2024-10-09 20:40:47.585 Z
30265929-8750-43db-bbf6-691160db660a,e84cf0fc-1ec4-4926-ab8f-7f5fefb13341,cancelled,forward_contract,2024-07-26 20:38:17.055 Z,bd671161-34e8-4981-b7a8-a3a42bbac418,6562,305,2001410,false,2024-10-09 20:40:47.585 Z
c2b0eef4-09a9-4429-87a8-c8a87adb5e4b,50bca2a8-ed15-4df2-8e30-2b75da0840fd,pending_approval,direct,2024-08-22 22:53:17.626 Z,f01687bb-925f-4097-876f-8f0083a0c7e3,9644,435,4195140,false,2024-10-09 20:40:47.583 Z
7e7977b2-727a-463b-bbb3-be08b1da0519,62c8e669-8028-477d-9ba9-7eddd7567388,pending_approval,direct,2024-08-09 01:32:12.550 Z,6ad4b2a1-81f4-40ac-85bc-46332d5238e3,4613,223,1028699,false,2024-10-09 20:40:47.536 Z
5111d567-7ff6-4d21-85b6-0b883fd2dc14,7682966f-ee06-4426-824b-512b75f16924,bid_accepted,direct,2024-08-09 16:14:57.723 Z,be234f1d-04c7-4484-970c-584e2965fc70,1359,85,115515,false,2024-10-09 20:40:47.582 Z
07ac8f48-854d-4b76-9bdb-0eb38647292d,9efd46f9-5572-4b34-96f2-0b30e695abd9,cancelled,forward_contract,2024-07-29 20:28:41.467 Z,ff397b46-3bf8-4ba0-8bbb-8f8a8a6ee986,6961,322,2241442,false,2024-10-09 20:40:47.522 Z
4780fe99-03fb-485c-97a1-eeaaccc6051d,5faaf1eb-6822-40e9-ad8c-3c4ec4485dd2,cancelled,direct,2024-07-22 18:19:11.228 Z,b03f7c06-b0d1-4669-a040-52f784d7b6aa,9886,446,4409156,false,2024-10-09 20:40:47.571 Z
bb61c91c-8c81-436b-a24c-178873ec2d7b,cec7b7f0-f998-4074-94c8-d46b3f81477b,bid_accepted,direct,2024-08-18 20:38:41.856 Z,121900fa-61ee-4dd1-af31-b9e5b2673578,3335,169,563615,false,2024-10-09 20:40:47.519 Z
769adb6a-8ba9-47e6-8dbc-faf64969bc81,5fe00787-6ce9-4b25-b250-7c37ccc49f96,cancelled,direct,2024-07-26 00:21:51.062 Z,e94509b8-07c2-44fa-ad23-d5981ac04a4c,8597,391,3361427,false,2024-10-09 20:40:47.584 Z
c343a290-73f8-4173-a431-adf96df25f9c,faca2a68-942a-4836-a5e2-654474970982,bid_accepted,direct,2024-08-20 17:15:47.560 Z,7ec6dfa2-02c7-4725-af72-982cd5819dd1,1294,82,106108,false,2024-10-09 20:40:47.582 Z
32aa9e2e-0af6-4bdf-864f-07f0a52d30aa,97445317-3edf-4b08-81b9-0176f372eacb,closed_paid,direct,2024-07-30 16:16:19.487 Z,f517d619-5d5d-4fdd-a48b-d6e2f9f1094a,6322,295,1864990,false,2024-10-09 20:40:47.578 Z
3438a8d0-fe18-442c-89d1-c3a8b1dbbbe1,21dec779-ce1e-4581-b7e6-a4a6181c4859,expired,direct,2024-07-24 14:05:01.930 Z,5d83e99d-64c6-4110-a73f-18d3e3996f93,9383,424,3978392,false,2024-10-09 20:40:47.586 Z
f430e132-b0a5-412e-b25a-2c08fbbc6a24,a9e5107b-409d-46f3-85a2-2afd1c00bf64,pending_approval,direct,2024-08-21 14:25:36.224 Z,f3906b34-b133-4f87-a38c-c61331acbb07,7431,342,2541402,false,2024-10-09 20:40:47.581 Z
1c3538ed-fee1-43ef-aa35-98ca2611e341,8f094b63-9a59-43bf-a507-7fad6f815d10,cancelled,direct,2024-08-01 21:55:48.577 Z,e634d6dc-6d32-4943-85ec-7bd7eded6e41,4621,223,1030483,false,2024-10-09 20:40:47.581 Z
4b32946e-a489-4755-9382-907a499f50f3,1f4c5a81-4cb7-424b-a363-e9143eaae72d,pending_approval,direct,2024-08-07 17:52:09.100 Z,a417e234-e5ad-4e53-bb35-26c6df42e95b,829,62,51398,false,2024-10-09 20:40:47.536 Z
8eb5cf0a-a431-4e4c-854a-ecbaae5a5135,d23c626f-432a-45ef-9e37-36e1c79f4adf,expired,direct,2024-08-21 21:39:44.868 Z,44394b2e-b48e-495a-b3a6-2e8a1e129962,6603,307,2027121,false,2024-10-09 20:40:47.585 Z
18092c1a-92bc-4d95-b7b9-8cb894283563,a0d32d08-5511-40e2-90bb-2da1934cdb80,pending_approval,direct,2024-07-23 20:27:59.395 Z,d14fa089-1c0e-42db-beaa-e5da3b677144,823,62,51026,false,2024-10-09 20:40:47.586 Z
61b58468-536d-4dbd-b54d-9c8cc30f6f9b,a9f97774-a37e-4cce-b3b4-525ba23f72da,cancelled,direct,2024-09-26 20:14:51.781 Z,ecbd217b-d5d0-41c6-af13-b13ad026cdd1,4851,233,1130283,false,2024-10-09 20:40:47.586 Z
c16db3d2-460f-4e99-9ab1-32e58759057b,6dfa6b93-da32-4716-836b-5e1c4099e742,cancelled,direct,2024-07-27 05:18:14.883 Z,09943f59-ae1c-47b7-a57e-470b88b21558,3444,173,595812,false,2024-10-09 20:40:47.585 Z
91a1dd20-360e-4328-b01b-46b25e78bc5f,a7732d70-782d-4228-9d25-5427a7c47aaa,cancelled,direct,2024-07-29 14:19:09.164 Z,d598178a-875a-41a6-a7b9-5ea4ac797039,9073,411,3729003,false,2024-10-09 20:40:47.585 Z
3746394d-f84d-4ad9-8b18-2cb63fc2289c,f681f5e4-dcaa-4dbe-bc9e-061bd5e4afd6,pending_approval,direct,2024-07-27 02:06:14.060 Z,e3ca5726-ef99-44b8-9d53-8843b4aaa035,6446,300,1933800,false,2024-10-09 20:40:47.575 Z
cc824abf-603a-4683-a1b9-351ec5ee28af,101d38a6-3a10-4477-988a-95d9fa07d4d6,cancelled,direct,2024-07-18 17:26:18.995 Z,89df0c82-b6c6-41b5-84d4-5bde9ee06793,8398,383,3216434,false,2024-10-09 20:40:47.581 Z
acba7f15-4bd1-4326-8cfd-e18d5134f752,0afa8562-0478-410e-9a15-5e549d9086fd,closed_paid,direct,2024-07-19 19:12:06.087 Z,297e9ee1-e72e-4d93-b06f-8c7ce8bde49d,9093,412,3746316,false,2024-10-09 20:40:47.582 Z
14f288e6-2ccd-4c15-9323-bd8e07bb38c9,14651d78-793c-4839-9703-ee2ff0136cd3,pending_approval,direct,2024-08-23 20:16:46.254 Z,42099900-08ad-4ec8-89ce-f7c607f5080f,3568,178,635104,false,2024-10-09 20:40:47.577 Z
e3b14819-62d9-498e-9bad-9b1b5fd6413b,6f5d042a-ff3d-4044-9219-9a9b5c1f3bc7,cancelled,direct,2024-07-29 22:34:37.725 Z,cf2f83e0-c61d-4445-bf9c-e36023c70453,3550,178,631900,false,2024-10-09 20:40:47.566 Z
819b4c4e-a5c1-4559-a357-ca043d872b6c,1835c0da-4cc2-442f-8e11-8055ddb3d45c,bid_accepted,direct,2024-10-08 18:10:24.081 Z,a4bab9df-1165-49b0-b62f-ae87b3d11009,1741,101,175841,false,2024-10-11 17:59:37.362 Z
63e79c1c-33d0-4eac-be00-a9a581b23fcb,9d340a00-7562-46d6-9354-a83293304962,expired,direct,2024-09-27 17:56:44.645 Z,3862c664-52df-453d-b3bf-22ead102c72a,6134,287,1760458,false,2024-10-11 17:59:37.360 Z
e56059c5-e48a-4657-9038-ab50d0285379,54ded8c7-12f0-4dfc-9edc-94bc95da4b26,expired,direct,2024-08-14 21:14:56.695 Z,248799b9-102e-4226-8142-987c21ef33f1,3481,175,609175,false,2024-10-09 20:40:47.583 Z
a9d11ff8-9c77-4b91-b8ed-f7635c4e1385,335df2ee-afa1-40a4-828c-4033b0ef60fa,pending_approval,direct,2024-07-24 19:02:09.267 Z,3088df5c-1c5b-4629-9ab1-c3924ee29f23,3035,156,473460,false,2024-10-09 20:40:47.583 Z
568bcf80-8607-4956-a5cf-636a52e976ef,9b24cf3b-1d5f-4a78-9c71-a9a5088d146d,cancelled,forward_contract,2024-08-08 22:18:15.748 Z,2d458350-d4ef-4bf3-bf51-52a50ccfe8f0,955,68,64940,false,2024-10-09 20:40:47.566 Z
0c75011d-708b-4123-9caa-daa0e6846264,789fda48-440e-4918-9107-3828f4f9a9a8,pending_approval,direct,2024-08-23 01:28:04.204 Z,e92ad639-7ecc-4a3e-a184-c797738a39f7,1875,107,200625,false,2024-10-09 20:40:47.584 Z
81c27c51-f80a-4d56-9070-705003655795,3c6e444b-a020-4dc0-8837-4355ff0f62b2,closed_paid,direct,2024-07-17 00:45:39.012 Z,ff6d945a-775b-4f43-a0fd-39fccb62950b,5955,279,1661445,false,2024-10-09 20:40:47.583 Z
4ffe1963-ea33-4543-9a5a-a2963f007d09,61e1b2cf-b19f-43c4-9cb9-7284f4c198e8,pending_approval,direct,2024-08-07 02:25:12.015 Z,61ee2c89-c694-44a5-84b8-63c770c16e30,2322,126,292572,false,2024-10-09 20:40:47.584 Z
e37d2676-8e88-486c-9d28-54538596a11c,7b61b915-d4be-460f-afd3-9f278ad5309b,pending_approval,direct,2024-08-02 18:19:46.964 Z,9e548d14-052c-4c83-b1ea-43fe4bbf7c75,8614,392,3376688,false,2024-10-09 20:40:47.584 Z
9331bfa6-20be-4946-b7b1-d73a371ac406,162f060d-ef53-4b07-b6e3-394882d05ca9,cancelled,direct,2024-08-23 01:00:25.685 Z,8b76b712-d34b-45dc-a151-fca445ab374d,6435,300,1930500,false,2024-10-09 20:40:47.583 Z
4fae3c14-60da-4c73-9a13-22c2e7201ded,4d6924df-d251-4627-a96f-af9750c414b2,bid_accepted,direct,2024-08-22 15:19:41.115 Z,d9a6b424-b1de-4694-aa39-681dc9e1a3c9,5814,273,1587222,false,2024-10-09 20:40:47.574 Z
fcce58c3-41de-4c51-9962-fe7b8ce33826,57768498-946b-4b31-bafe-1158456a31b4,pending_approval,direct,2024-07-30 18:42:08.831 Z,dfd772eb-5a0d-43cf-92e0-50f2457cb247,2260,123,277980,false,2024-10-09 20:40:47.582 Z
57db92a8-0322-4dd8-aa46-f7102c4df6a4,aa3039e6-d6ae-4f04-88e7-eac90a3006cc,cancelled,direct,2024-07-16 19:42:32.587 Z,eae21101-d84a-40ef-9b3b-4b8f86d93767,2581,137,353597,false,2024-10-09 20:40:47.578 Z
2c7301ee-cdea-4916-87a4-b60f6dc91d81,8e463d44-7f4f-46e0-9e17-8b15bd2ee3f8,pending_approval,direct,2024-08-07 22:08:47.312 Z,2741ed74-e875-492f-9871-4903057dfe6c,9114,413,3764082,false,2024-10-09 20:40:47.582 Z
df58b429-9780-4919-9839-890561ce8313,0d426c7d-9350-4faa-bc39-d3030a17bc2d,cancelled,unknown,2024-07-17 19:21:16.488 Z,9c92c167-31af-499e-8dfb-f930b0f17c02,846,63,53298,false,2024-10-09 20:40:47.578 Z
3649f541-40e4-4415-a34a-2953c42952bb,3450d775-3a28-435f-9b0b-59408547fc85,expired,direct,2024-08-23 17:42:48.163 Z,aacd5966-3a8f-42aa-8f92-bba5ba013ec4,5346,254,1357884,false,2024-10-09 20:40:47.585 Z
d287c068-88c0-4825-ba0e-ece315af80b3,6e6eae50-36c1-4d92-9fcf-d3cfb5c1ad18,cancelled,forward_contract,2024-07-24 16:28:12.482 Z,24681a74-d9de-44f7-80a4-7b073bb341a9,6044,283,1710452,false,2024-10-09 20:40:47.583 Z
65bbc7cf-57da-46dc-9f62-1d17845051e0,9a5a43ec-c503-4e12-9b44-bceb925d6e62,cancelled,unknown,2024-08-04 20:20:44.049 Z,d8a8b676-2b28-4216-939b-2b89d3dd159d,3897,192,748224,false,2024-10-09 20:40:47.579 Z
b34ec7a9-2413-444b-a745-4307d7c612f4,265f2731-215b-4a50-b7a5-87788e729cb0,expired,direct,2024-08-02 02:05:21.723 Z,50c92962-40fd-4a85-bf84-b961d9cbcff7,5196,247,1283412,false,2024-10-09 20:40:47.586 Z
eb6028f2-125e-460c-8b8e-490e0a0f5149,a0504922-7df6-4f79-a404-5ebea79d9d6d,pending_approval,direct,2024-08-07 18:40:39.828 Z,0acaa23d-83ca-42d3-b5f1-a817507e633f,8959,406,3637354,false,2024-10-09 20:40:47.584 Z
abf15a36-e291-4f9f-b00e-7f011c8169c1,391c8ea8-790e-4ad1-bc8c-5aaf3e3a69f4,cancelled,forward_contract,2024-07-24 03:31:08.809 Z,eb70c60d-f1fd-4ab8-a53f-b7e5cd9cd634,5669,267,1513623,false,2024-10-09 20:40:47.582 Z
eb481a07-5a4b-4898-a201-e4b5fa4ca1c6,ba9354ec-3ea5-4567-b5fb-443a4a3e87d7,cancelled,direct,2024-10-04 22:50:01.733 Z,0aaf9705-a75a-4cf1-89be-48c075f817ba,2482,132,327624,false,2024-10-09 20:40:47.586 Z
008496e9-f2cd-4d56-9257-c0140838a7be,e0fc2b11-3c84-4733-b741-6831f14e7c93,pending_approval,direct,2024-08-12 22:00:10.259 Z,cb73758d-430b-4d21-ab5c-01cbb28f9dac,3792,188,712896,false,2024-10-09 20:40:47.581 Z
6c721279-d4c7-4323-bfa3-c556b45244d2,5b911012-8690-46f6-816a-74bc46fb3b79,pending_approval,direct,2024-08-21 01:18:11.926 Z,6450f7f4-b62c-4b2c-bec1-817efe70a58d,8240,376,3098240,false,2024-10-09 20:40:47.577 Z
28b9d197-50c4-4e4e-839b-d834eae03a3b,e18da6ab-00fa-4401-92a5-ef099704be89,expired,direct,2024-08-07 05:36:55.573 Z,412b4045-b82f-469e-996a-49170cdfea38,3711,184,682824,false,2024-10-09 20:40:47.584 Z
0d14f7f6-c8b0-4c26-b0ae-29e117e0e101,3371f6ab-f535-425f-8439-765fd43bee32,closed_paid,direct,2024-07-15 19:46:05.038 Z,dc636994-bea2-4008-9693-76233196abf9,4434,215,953310,false,2024-10-09 20:40:47.576 Z
4e4f8fb7-8020-4d3d-8a69-944293dc2790,e7d6502e-1e3e-47ac-9453-05dac40f8d91,pending_approval,direct,2024-07-29 12:03:33.203 Z,0a21e810-5a88-415e-a1c1-beaad3a91dc5,3211,163,523393,false,2024-10-09 20:40:47.585 Z
24b0ec80-4109-4a79-9aa9-820b6334bb58,5fc7dfaa-e5ce-4247-b154-3c1196a161e2,cancelled,direct,2024-07-17 19:51:04.209 Z,f0ee30f0-4253-40e9-a090-09621773bad5,563,51,28713,false,2024-10-09 20:40:47.570 Z
5b1d0c69-49e3-4d33-8988-9327d82d5da6,afe51bb6-ea90-4780-ba70-fc17f2249c15,pending_approval,direct,2024-08-02 16:33:26.752 Z,62296b66-b960-469e-9a80-92ab8de394cb,4705,226,1063330,false,2024-10-09 20:40:47.583 Z
c6802844-8538-48fd-b99e-106fa8756b94,8a49af6a-7472-48d2-9718-f19a819834ad,cancelled,direct,2024-08-19 22:17:22.386 Z,78363b85-2e70-4d48-a239-618b7364d9cc,1889,107,202123,false,2024-10-09 20:40:47.582 Z
4e5f22cc-045c-49ba-afb4-4200e286a27a,e8230c93-ae5a-40d0-b65d-24b9d8891a89,pending_approval,direct,2024-08-21 23:33:11.400 Z,35255deb-fcd5-4e96-815f-a15530531fae,3904,193,753472,false,2024-10-09 20:40:47.566 Z
32672fb9-7fcd-4394-88f3-255b3eadf068,7cfcd328-2b97-4ac9-8654-923e9385804a,pending_approval,direct,2024-08-09 19:05:01.690 Z,98a21129-9149-4621-b685-63da2f49626a,586,52,30472,false,2024-10-09 20:40:47.580 Z
6ed39e05-97b6-4ebd-aafc-261ec51fe2b7,59f84e3e-8808-4140-abb5-2f86523c5b81,cancelled,forward_contract,2024-07-18 19:22:43.435 Z,3d3116b2-b964-4785-a3c3-c542ee7c64de,5494,260,1428440,false,2024-10-09 20:40:47.538 Z
29ffb432-5ed0-4566-a56b-d1ee0c65ec56,42c9a0a8-3db9-4ac0-8414-c2c0f0371748,closed_paid,direct,2024-07-15 19:02:51.375 Z,fd2c35f5-c877-4299-84dd-940abaeca3e0,2564,136,348704,false,2024-10-09 20:40:47.577 Z
51403f49-6de2-4b1e-8a65-97e205e9dbe9,bd14aed8-d299-46a7-ae7c-a8c2a399109e,bid_accepted,direct,2024-10-02 20:28:40.213 Z,ec27c8c2-71d3-48dd-91c6-c21695d1364a,7857,360,2828520,false,2024-10-09 20:40:47.586 Z
3f9b1b24-07e7-409c-9e5c-9db9055c113a,5f2b0b0b-71a9-4cf3-b793-03d39b93d243,cancelled,direct,2024-07-20 01:40:22.401 Z,742a5440-2478-418f-b6c3-a917e37ca4a6,3729,185,689865,false,2024-10-09 20:40:47.567 Z
b9535aa2-78a0-4cf8-a605-8f394a005073,1f896805-40a4-4a7e-9e86-260a60596b75,cancelled,direct,2024-08-07 13:02:11.411 Z,c2138f73-7291-4343-acc9-aa3840aeafed,608,53,32224,false,2024-10-09 20:40:47.584 Z
94c6cfbb-fb7b-4f78-b737-999559b378c2,fb2726a1-6d81-4f89-9c72-7627d60c21dd,pending_approval,direct,2024-08-07 20:42:20.456 Z,ad5f1289-3503-4817-ad5a-d70ea7eec5c9,2516,134,337144,false,2024-10-09 20:40:47.580 Z
05f5f007-033c-4da6-80bf-b4c35761d8bd,bfb3fee8-516b-40dc-83ab-e756b1e47a4b,cancelled,direct,2024-08-05 12:56:39.609 Z,d77759a7-ea0a-44d4-b619-44469c8cde16,7867,360,2832120,false,2024-10-09 20:40:47.574 Z
1af4a2a5-4fec-4a74-ad69-5faccee5f373,893b2a46-b89f-49ac-b404-5d155fac5f4f,cancelled,direct,2024-07-20 01:28:18.001 Z,1ac068d9-1446-465d-8b40-ce18dbf2a739,8322,379,3154038,false,2024-10-09 20:40:47.581 Z
13fc4fec-9981-4201-87ff-1c678946a79b,627b592b-f742-4d7c-ae9c-bf7c635b1fcc,pending_approval,direct,2024-07-16 22:44:44.896 Z,f916060f-07d5-4510-93b8-b0fc0076304c,6999,324,2267676,false,2024-10-09 20:40:47.572 Z
412a0bb1-74d5-4aa7-adf9-3a816ed2ce1a,f4f5d5f9-dc72-4f72-aa20-089bdc07cbda,bid_accepted,forward_contract,2024-10-09 19:56:06.761 Z,9f757317-23d5-4161-96cd-f3862cccef58,2309,125,288625,false,2024-10-09 20:40:47.587 Z
a5aa025f-69fd-4faf-a55f-fb3631b031e4,b0aa82a4-728e-4a9a-9276-98daf09c5de6,bid_accepted,direct,2024-10-09 19:42:47.631 Z,71c5a52c-7005-4da6-9efd-05900d72796c,2345,127,297815,false,2024-10-09 20:40:47.587 Z
e3d15e3e-3369-4844-ba8a-9ecf2b960f02,18cc7d99-745b-4b2b-995c-95463080a472,cancelled,direct,2024-10-01 15:20:19.718 Z,1372b5ce-4a77-470b-bc4e-ac6cd7df990d,3014,155,467170,false,2024-10-09 20:40:47.586 Z
086f4398-e4a0-487f-b38e-ad4c95c2eb15,fb05bf84-c4e0-4ba0-ac2c-68859019ea14,cancelled,direct,2024-07-28 11:43:32.439 Z,f3b12389-8445-402e-97d4-4a966d97d495,6000,281,1686000,false,2024-10-09 20:40:47.585 Z
18d00a69-0260-47b5-844c-ad1b3c796c0c,7526a0e0-6291-435d-9457-890f2a0f10a8,pending_approval,direct,2024-08-26 22:04:50.937 Z,10927449-9473-40bd-b98b-16d68ecd8b1a,1920,109,209280,false,2024-10-09 20:40:47.581 Z
9948438c-0dfc-474a-9730-ee7c7903c2c7,689ca8ba-1991-4bf1-9c87-5da254961bdd,closed_paid,direct,2024-07-15 17:57:51.688 Z,db45bc81-8a41-449a-838c-6ce0175ecca0,1452,89,129228,false,2024-10-09 20:40:47.574 Z
1088ce13-dbfe-4377-b815-7946edc18f5d,705f05bd-571e-4c48-b790-a26a15cbda30,cancelled,unknown,2024-07-17 16:11:59.399 Z,ea0c651e-8466-41cc-858f-fa8c7bb5223a,4746,228,1082088,false,2024-10-09 20:40:47.578 Z
406768b8-9e6b-4da0-ab12-1b733f3c47ad,88affcbd-c9de-4126-afb2-60064b9be85b,expired,direct,2024-07-23 01:09:37.462 Z,bf9ff25a-5d01-4283-9c72-ab2b141888f4,2870,149,427630,false,2024-10-09 20:40:47.572 Z
3dca74d0-9141-4cf7-9714-ab0b412cb361,41ad873e-b0b2-48a9-a3f5-e5d7e99adfd9,cancelled,direct,2024-07-22 23:35:05.536 Z,2b58c185-db85-400f-95c5-387412530a12,7457,343,2557751,false,2024-10-09 20:40:47.577 Z
68bbb642-74b3-493d-bd62-214ec7772c77,4617ee5b-6916-46ab-a605-02c4c0849dcb,cancelled,direct,2024-07-30 15:45:23.506 Z,7aa59ee7-c0ef-49a6-9900-6a45085b7c6e,6147,287,1764189,false,2024-10-09 20:40:47.583 Z
75df0b40-cfae-498b-aa7b-97a896e06615,2f3b948a-a336-4e31-858b-24b1797a2502,pending_approval,direct,2024-08-15 16:15:55.232 Z,1b68eabe-6e1e-43a4-9d07-c7df94658cdd,4508,218,982744,false,2024-10-09 20:40:47.584 Z
c31937e5-8752-4b68-ae06-9b3c5921cbc8,cd7f427a-255e-4576-874e-a6012177dbc7,expired,direct,2024-08-19 22:41:02.460 Z,ab0c3d12-7342-4131-a89c-4deab3251990,1473,90,132570,false,2024-10-09 20:40:47.586 Z
d0edbbf9-50ee-446f-9d62-07b5f98ed754,42e8ae73-6f58-4fdf-88f8-762bf1bbcda5,pending_approval,direct,2024-08-14 20:01:52.819 Z,bd9f2a82-eaf8-4909-a2db-e0e0bd89d222,9362,423,3960126,false,2024-10-09 20:40:47.582 Z
27f65467-fae9-4127-9de1-e58a311b94d3,791db51f-3412-417b-ba53-987744f6a155,expired,direct,2024-08-27 16:09:45.639 Z,eb6365c3-eb1f-43aa-bb03-1d2197e2c6f7,1833,105,192465,false,2024-10-09 20:40:47.586 Z
6ddd48cf-feb0-4628-a970-f6599b75e20c,98e5d47a-61cf-40ac-9fb0-86ed59446611,bid_accepted,forward_contract,2024-10-01 18:23:27.142 Z,a0fe6995-55e1-4cf1-af41-34d936630a5e,8360,381,3185160,false,2024-10-09 20:40:47.586 Z
3543e71e-6a0a-4acc-90f3-880df57c77eb,facbbceb-43d6-4d41-aca7-7852e0d9c72e,cancelled,direct,2024-07-23 01:12:30.879 Z,35fb79ac-fe55-4761-9c54-78e52d76f188,912,66,60192,false,2024-10-09 20:40:47.519 Z
2560bb44-4b78-4f06-aa7f-ce727b502117,b6f1aa48-5b7c-4f32-97ac-e3edb333ac31,expired,direct,2024-08-26 16:16:25.396 Z,3f044c80-3dca-4e8e-a403-6a45f061c712,2817,147,414099,false,2024-10-09 20:40:47.586 Z
1f9a0f7c-4506-43db-bd39-4855518cbf4f,b46f1062-d7ef-467f-880c-d4d5043aa6f9,pending_approval,direct,2024-07-16 08:24:29.737 Z,b1ced69c-2a58-4339-a51b-9736e95df801,278,39,10842,false,2024-10-09 20:40:47.516 Z
d3ee9663-0916-42d1-9d00-15f8f05f51c6,a2fb0a47-baf9-49f1-8ba2-52b235023fa4,cancelled,direct,2024-07-25 08:43:38.162 Z,3d37b58a-19a2-4b3e-abd1-ce730fc8a5f5,314,41,12874,false,2024-10-09 20:40:47.583 Z
ebbcba9f-ede9-46e7-8583-498bf64f2ad4,0eeaa977-4497-4e80-83a1-9f353838f948,cancelled,forward_contract,2024-08-13 15:21:12.875 Z,97beff83-7608-4d7a-8be1-599842b821f5,8007,366,2930562,false,2024-10-09 20:40:47.584 Z
62d66fcb-f836-4c9b-9bbd-15c226b6ce3e,f5592796-8a61-4dcf-8666-f3cf5c198eb2,cancelled,direct,2024-07-17 00:27:09.746 Z,9680e2af-4d51-4e4d-9f80-7b09813ca824,330,41,13530,false,2024-10-09 20:40:47.574 Z
42f578c7-ec43-46a0-b135-20ed93cd99c6,d514b598-16a1-4922-8845-61313d2e48bb,cancelled,direct,2024-10-04 22:34:59.976 Z,5cc15e1f-3585-4825-b724-bfd8bbef0d2e,1654,97,160438,false,2024-10-09 20:40:47.587 Z
f747a28d-842d-4bbd-85f4-7bb5d658f8cb,e07e7e91-8315-46f9-beee-f2b1ce24c243,expired,direct,2024-08-17 06:03:35.328 Z,0c9a525b-f61a-47d8-9a27-bced8c960393,5987,281,1682347,false,2024-10-09 20:40:47.586 Z
86f121f1-2cab-48e7-9acb-7c3d9c19ba3f,4d24d177-9610-4225-8dba-10683b88bb07,cancelled,direct,2024-08-22 14:33:24.254 Z,7c057266-9fd1-4ae5-8208-bb98a8f27e2e,7687,353,2713511,false,2024-10-09 20:40:47.575 Z
d99fb1c4-80ad-41a4-87c6-97be755f516c,06a479d0-5d97-4f50-bc1d-a122f5a5320b,pending_approval,direct,2024-08-06 04:38:09.081 Z,63121879-a762-4cb1-81e6-314c7807399d,5273,250,1318250,false,2024-10-09 20:40:47.575 Z
9b25bc8e-f958-4559-90ec-a28b1f9a6d19,ac5175b7-4999-4839-8e0a-6c26ee8f9a5c,bid_accepted,direct,2024-08-20 01:04:05.487 Z,d800ce22-0966-4263-963f-7ecaf714a09d,7241,334,2418494,false,2024-10-09 20:40:47.583 Z
37d13f7d-ae2b-4dd1-9ec8-a1d6076aa667,f13f07a7-f643-498d-b4e9-2a6d7c796caf,pending_approval,direct,2024-08-24 15:00:32.915 Z,dc1296b7-43ed-407e-a577-319e26a2dac4,7975,365,2910875,false,2024-10-09 20:40:47.567 Z
0c1a203c-5b47-4077-b390-8d21250c2749,89b5eeab-4c5c-46a3-992f-e6fbb14e5602,bid_accepted,forward_contract,2024-07-17 16:51:18.739 Z,aa33c29d-1d7b-44dc-afb8-bb70e08832e9,4522,219,990318,false,2024-10-09 20:40:47.534 Z
74632b11-38c3-4c3d-be3f-45206024dd6a,d494918c-aa1b-4541-be3f-c2b6822a5090,bid_accepted,direct,2024-08-07 14:48:38.196 Z,ff7558d0-475d-453c-a538-e81aa34d5569,614,53,32542,false,2024-10-09 20:40:47.585 Z
7eb4e5ff-1c75-466d-9f09-4197a10cc9b7,a3331819-3581-43b7-adfc-9a9bbcc0e127,pending_approval,direct,2024-08-23 22:24:53.138 Z,049b8a26-ab8d-424e-af56-9219a8fcb4f1,1111,74,82214,false,2024-10-09 20:40:47.584 Z
12f353bf-d604-41c0-8cce-971be22c46a3,eeab0f24-e63f-4e66-816d-b09367b7dc5e,bid_accepted,forward_contract,2024-08-01 22:31:25.279 Z,04751189-5a8a-4449-8549-57cdb570ef7f,6175,289,1784575,false,2024-10-09 20:40:47.579 Z
08be29d0-4c7c-4659-a188-6cbbe4e8fcbc,99f54ad1-a2c9-4798-af34-a31519d2cc32,pending_approval,direct,2024-07-15 22:25:17.479 Z,ba669d0c-b9ed-46b0-b720-bd4ab6ff8108,6790,315,2138850,false,2024-10-09 20:40:47.578 Z
ad583c38-e918-4c98-867c-fa790708be3e,60feb7cb-bf4c-41cd-8d6f-b247f23a3199,expired,direct,2024-08-22 18:17:17.818 Z,1b5ca40a-abaa-4d02-a02e-58af3e803827,3942,194,764748,false,2024-10-09 20:40:47.586 Z
2505c065-fadf-4a43-bc91-7e3ddc931a3f,0e43355d-0ffe-40f1-aa07-b17495ea3181,bid_accepted,forward_contract,2024-08-07 16:14:03.063 Z,9f324346-c32e-41ba-9243-58078c920454,9262,419,3880778,false,2024-10-09 20:40:47.562 Z
f688296a-9fed-44d5-ab0d-f3fb7d272c8e,3f4547ee-b701-412e-a5e1-22d3dd6d4b5c,cancelled,direct,2024-07-28 14:35:53.984 Z,eff923b2-c008-432b-baac-2efa345e1f9e,9315,422,3930930,false,2024-10-09 20:40:47.585 Z
9b99cd5b-0133-4c14-b5cd-819f4da3d209,df80a40b-ab8d-4130-a50f-1c8796f0ada3,cancelled,direct,2024-08-22 20:53:32.425 Z,41d32bec-7015-44a1-8de4-bfc1b149b1fe,5791,272,1575152,false,2024-10-09 20:40:47.581 Z
cfc0d4fd-a22e-460b-b167-4eae99983153,68c6deab-0de6-4227-acf7-37bcbb15aebe,pending_approval,direct,2024-07-30 15:18:53.905 Z,0eabb5f3-375d-47a4-a9ef-36eccb2c78c6,6347,296,1878712,false,2024-10-09 20:40:47.536 Z
577ffda1-f58d-4215-adf4-6f744ab66130,f4c50199-e40e-4042-a8c2-c5b904008371,bid_accepted,direct,2024-10-04 21:01:25.724 Z,23a1ca5e-c085-4531-8f6e-4376d5de15e0,9276,420,3895920,false,2024-10-09 20:40:47.586 Z
7ab8df25-d790-4bb5-8fe5-6e2dff387ede,007110df-81c5-4518-95b5-7c944649fcc7,closed_paid,direct,2024-07-19 16:13:15.334 Z,66ac1c5d-891e-4820-b5c7-d6dad97dcfe4,6969,322,2244018,false,2024-10-09 20:40:47.518 Z
6098a39a-c529-4f43-9170-091ef03a88b7,8bcb8d8c-509b-4598-9113-efff767e12da,pending_approval,direct,2024-08-23 23:08:55.693 Z,0657cc5e-9967-4f8d-8aea-a9753422a2e7,9408,425,3998400,false,2024-10-09 20:40:47.584 Z
e38c73f0-ab11-45e4-a6cd-d5f84accb8c4,ceca0b70-4ee8-47a3-93f1-fef7ef4edd84,pending_approval,direct,2024-08-19 21:54:54.756 Z,d93e78d3-3412-44b8-a971-c641f0a7f558,3753,186,698058,false,2024-10-09 20:40:47.582 Z
46097553-4132-4232-9fb8-b73b9b123e61,206bff77-3927-41ea-a5e1-f61ce3c3de11,cancelled,direct,2024-08-13 11:22:37.361 Z,945bdf97-fe61-4b8a-b7be-cab1193b255b,8816,400,3526400,false,2024-10-09 20:40:47.584 Z
a6dad8e8-e7bf-4b76-aaaf-7a1d7c680c65,0f94e58e-b61e-4010-9690-f546b4f60c17,closed_paid,direct,2024-07-29 17:24:43.517 Z,a473b461-310c-4a23-ba82-e11629fdedd2,8698,395,3435710,false,2024-10-09 20:40:47.585 Z
09b52acc-682c-43d6-9761-7f3126f05f57,0ff8be43-6d4e-40e4-a7e3-ded096bef31e,cancelled,direct,2024-07-17 17:02:51.681 Z,f29895c7-9970-44dc-a331-cd1a044a6ce7,6684,310,2072040,false,2024-10-09 20:40:47.583 Z
c355e2ec-b203-4523-9119-d6ca81245d25,43f8b2fc-7671-4863-99fa-90111d571dfb,cancelled,unknown,2024-07-22 17:45:32.241 Z,4696fb63-d434-4f99-b7f5-d76d939c5f6a,7325,337,2468525,false,2024-10-09 20:40:47.571 Z
92c0565c-8a8c-48a4-88fb-1ebaf0cd200b,f0e2162d-0a46-46e4-a9cc-aada543d1783,closed_paid,direct,2024-09-30 21:51:03.669 Z,3e9a83aa-717a-4fa9-8821-389a7e7f7361,1526,92,140392,false,2024-10-09 20:40:47.586 Z
4b03f25d-4f47-48dd-bf72-b17628f6cc6d,b7e09634-6cd6-4eab-8eda-c28a8cc96667,bid_accepted,direct,2024-07-24 17:56:42.565 Z,c1a84c33-688a-4042-932e-ab5551690641,3903,193,753279,false,2024-10-09 20:40:47.583 Z
36cded23-07e4-4ec9-b984-9db0a68688eb,6aaa8a3a-0eaa-4494-94b7-674851bcb7b0,pending_approval,direct,2024-08-15 10:05:47.016 Z,14e14bea-c2fe-45fd-9691-dc51e538fa46,8704,396,3446784,false,2024-10-09 20:40:47.534 Z
e6091a60-c1ab-4aeb-9c6e-d7e52e578a1a,bb88fd45-8474-4afc-a0de-ca3c0f781d99,expired,direct,2024-08-25 01:18:44.619 Z,5a777976-a339-474d-8c0b-26943eeaaa6c,5173,246,1272558,false,2024-10-09 20:40:47.586 Z
9f9e3936-180d-4ad1-9751-ff1e352d817b,b7bda00e-7253-4b16-b516-5a5bd5a65f7f,expired,direct,2024-09-26 15:47:25.754 Z,50de85e7-d141-41f3-9ab1-b256e8de13cc,2474,132,326568,false,2024-10-10 17:59:45.236 Z
2c800bc2-0f6a-482d-b31f-f3df32dd0f05,8f72e817-b8ea-4902-9941-7a438f2853d5,expired,direct,2024-09-26 15:44:34.070 Z,83c319f0-8089-44ab-b7b7-f0402006700b,1320,83,109560,false,2024-10-10 17:59:45.235 Z
8207bc0d-5a2d-40b8-933c-9b2bc02e156f,c11fe5c5-2a8e-409d-b3b1-81a067da2282,expired,direct,2024-09-26 19:57:03.749 Z,b837db9b-7e2a-4608-859e-91c62d393d4e,2440,131,319640,false,2024-10-11 00:00:09.278 Z
759c5bb1-8809-44f2-8534-5b1c7ce976a3,fc493b62-493a-4aaa-8910-38fb4d081da7,cancelled,direct,2024-09-26 20:29:36.428 Z,8c032b93-176e-4dae-8af7-35e0560a3e26,6444,300,1933200,false,2024-10-09 20:40:47.586 Z
b9674661-1c5f-44e8-bd6b-7b34c9f5a0d4,b6606fdc-bb65-4efc-a6ca-b4231d58cab7,cancelled,direct,2024-08-14 20:58:26.260 Z,5f43911f-7b8f-4906-8f62-58881365f4a6,9642,435,4194270,false,2024-10-09 20:40:47.582 Z
26782442-c686-4eda-8676-7bc9560f9002,9e321673-1134-4ab2-bc29-1cf8a52ef7d7,bid_accepted,direct,2024-10-04 18:02:11.712 Z,268ef18b-fb51-4e10-9c82-22881b22c6ab,2467,132,325644,false,2024-10-09 20:40:47.586 Z
f68284dc-b72f-46d9-95c6-42445490c0ab,2f45042c-f3ef-4299-9d80-4c3597382e19,closed_paid,direct,2024-07-25 18:12:35.194 Z,e50add81-dcac-4096-8e7c-6efa599e0b61,6962,322,2241764,false,2024-10-09 20:40:47.583 Z
d7dd7795-ad71-4d11-a284-d78999476602,67decaac-a438-4202-9c00-b27429d205fe,cancelled,direct,2024-08-02 19:51:57.309 Z,a30dff93-47ae-46f7-b8e8-0b194609d611,8670,394,3415980,false,2024-10-09 20:40:47.585 Z
4c7915c7-5909-4558-8f29-d7ec52eded67,4bfdf289-9280-4c42-b471-fa631466ead9,pending_approval,direct,2024-08-22 04:31:22.446 Z,befff912-16e7-4ea0-a9d3-8e25d8358748,6517,303,1974651,false,2024-10-09 20:40:47.579 Z
427f0750-332d-485a-8f4f-d3bf0025801c,25c6cb44-343c-4d20-b636-667815350c60,bid_accepted,direct,2024-10-04 18:27:32.356 Z,78bcb02f-908a-4c72-8023-4d47f7f962a3,8484,386,3274824,false,2024-10-09 20:40:47.586 Z
b7a85bf3-4660-4867-a42d-e9fa6dd26bb7,7ca3e483-d9f4-4889-b4a1-0657dcc5dc01,pending_approval,direct,2024-07-30 15:07:35.278 Z,0395b6ca-fe07-4576-9bc8-4dd874173191,2148,118,253464,false,2024-10-09 20:40:47.565 Z
df2859ac-8093-4411-8b88-6b6d3b3ce019,c7dcdcbb-7569-4987-8c73-e72d4fcd61cc,closed_paid,direct,2024-07-17 20:58:38.595 Z,1eef9794-203f-4c20-966c-6f1fccf8cc5f,3974,196,778904,false,2024-10-09 20:40:47.564 Z
7265191b-e119-4e39-a267-38515b8106d0,1d5e12a2-7839-420f-87e0-97c7ac0dec25,bid_accepted,forward_contract,2024-08-21 20:37:47.437 Z,88ea7444-98b9-4281-8025-a95cfd58939c,2267,123,278841,false,2024-10-09 20:40:47.585 Z
44424c7b-d1cb-48be-b254-24b13b35171e,9d4d64bf-d2fe-42f3-b02a-cd14f10a22ea,cancelled,direct,2024-07-23 19:30:11.144 Z,fcbe7607-4828-4353-9a46-d1fdb611e58c,9898,446,4414508,false,2024-10-09 20:40:47.581 Z
c846451d-0652-4a54-a5c8-28f9d24bdf09,a58fc498-aaa2-431f-9797-1deee490bdd0,closed_paid,direct,2024-08-06 14:43:06.615 Z,f507cb44-49fe-45d7-897d-2843af2d2849,9126,414,3778164,false,2024-10-09 20:40:47.576 Z
7a2e82dd-11b0-4df0-9bda-18a0bce836f6,205ac8c0-63f9-42d5-b0b7-7c54afab35fa,closed_paid,direct,2024-08-06 23:17:17.884 Z,c8c12eef-87b1-41ee-9e7b-1d6201209970,2162,119,257278,false,2024-10-09 20:40:47.583 Z
c9455b5e-823d-4ec1-b3fc-96e731ffe1c2,0b2f4430-be0e-4063-94e1-8f23f82f9746,pending_approval,direct,2024-08-17 19:47:28.906 Z,16889203-0b6c-4223-8ccb-5f82dfd492cc,4615,223,1029145,false,2024-10-09 20:40:47.584 Z
f5d9f46a-f8fa-4bdf-9ead-2598540cfc73,6a529cd6-8211-4ef0-9241-c4dbd6ec9817,pending_approval,direct,2024-08-22 22:33:36.984 Z,9bc178f6-4001-49bd-b565-78a07ab67fb4,8275,378,3127950,false,2024-10-09 20:40:47.583 Z
5fe0f28b-28a7-4f15-bdf2-aa0ba68b7be9,1c168eb0-b58f-404a-8c21-190c5b1eeb6d,expired,direct,2024-08-07 19:32:06.489 Z,5defb8da-db28-490c-9cd1-314b0735bc25,434,46,19964,false,2024-10-09 20:40:47.579 Z
13825cd7-d233-4c88-89f3-dc1a7f595603,c756f79f-3ffb-41a7-8585-5bf7d7c56312,pending_approval,direct,2024-07-30 02:28:05.826 Z,c8e2d6ef-fde3-4904-b25c-13840c863818,2730,143,390390,false,2024-10-09 20:40:47.535 Z
8f94c791-f1e8-48b3-ba4b-8d64e7552ffb,f26dfac9-00ae-4a0e-abe8-07c4c1381769,cancelled,direct,2024-08-08 04:13:34.952 Z,088d377e-4151-46c6-9084-12288390db71,333,41,13653,false,2024-10-09 20:40:47.583 Z
70299bea-d821-4630-9a0a-d665f47d717b,5bce6172-832d-4b6c-a2a1-64fd35b453d6,bid_accepted,direct,2024-07-19 18:11:11.441 Z,8a382d62-3a6c-4336-9625-4c21b8e7e22a,2499,133,332367,false,2024-10-09 20:40:47.577 Z
9922eee7-8efd-4976-9398-1fa31bab742a,6cf61a50-1a8b-427a-b686-d3b0d67ba7df,expired,direct,2024-07-23 16:17:01.604 Z,2efb0f3b-5a9d-43c3-ad14-0a486c6428f6,7190,332,2387080,false,2024-10-09 20:40:47.580 Z
7bb91c35-2fed-465b-9cee-32c7ff3e1c01,a594f4db-37eb-4699-8082-55f883799c3e,pending_approval,direct,2024-07-26 15:44:46.441 Z,a710ba7e-77a7-4a89-8d0b-22e08a0d508e,1154,76,87704,false,2024-10-09 20:40:47.584 Z
6c06e662-bd37-432c-b848-7d0012b20d5e,3e5cdd09-12bc-47fa-ab6c-562f119c80cc,closed_paid,direct,2024-07-24 13:57:58.270 Z,7f3e59bd-544e-4369-8228-4588446bf38c,2080,115,239200,false,2024-10-09 20:40:47.582 Z
91d43a88-e709-4da8-bb44-006f55ab300d,1d4df79f-c454-4248-8c02-8c83bdad4d2e,bid_accepted,direct,2024-08-20 22:09:44.400 Z,08e58e60-eeaf-43b5-8e07-82827e9d6bdc,9029,409,3692861,false,2024-10-09 20:40:47.571 Z
e467adfa-075b-4a7b-8c81-2a25fc32e60a,1bfbe751-60d5-40bd-82c7-48305d6abb8a,closed_paid,direct,2024-07-19 22:20:37.103 Z,491bea5a-70d4-4c85-8911-bfb92baf1af8,7531,346,2605726,false,2024-10-09 20:40:47.584 Z
4619aa96-cac5-4652-b83b-6d98e07fa011,3c59f414-19f8-4ebf-b99a-3aa4f5e30bcf,cancelled,direct,2024-08-21 20:07:04.039 Z,45b14d70-4238-4f45-b2e8-a53c04867839,2733,143,390819,false,2024-10-09 20:40:47.584 Z
637ca625-1477-48a3-9728-55cf23e12cc9,f3be8fb1-49cd-4e1d-8d64-ab916808d7da,cancelled,direct,2024-07-20 21:36:08.130 Z,f247827b-bf5f-4120-b625-a74c99f07311,709,57,40413,false,2024-10-09 20:40:47.574 Z
079a7d75-a2e6-4817-9025-bb170e5242b5,46f669b9-b252-454e-96f8-28dffd1b1feb,pending_approval,direct,2024-08-19 23:13:51.440 Z,c9cbc8d8-defd-4c57-a9a8-caee6f2b6ff9,816,62,50592,false,2024-10-09 20:40:47.582 Z
377c5e79-e62d-4c18-9011-e80e4b39985c,0e26d6b3-560f-4f26-bff7-2b5c74cc4724,expired,direct,2024-08-13 02:23:08.977 Z,b2f67555-f1b3-45d7-8fee-3e63b314c6eb,9841,444,4369404,false,2024-10-09 20:40:47.583 Z
966c5152-49ba-4752-bfe2-a2a9a64c497d,8192bfe8-6083-4bd8-814e-3b11b92b64d9,cancelled,direct,2024-07-27 05:09:17.730 Z,920b81c4-bffb-461f-9b3e-9b3625904d2d,9124,413,3768212,false,2024-10-09 20:40:47.585 Z
88631faa-dd82-4f99-aa5c-d925c10ed7f8,b25e0473-b26c-420d-bced-8c671b510824,pending_approval,direct,2024-08-13 07:26:23.506 Z,a5a2768f-bfa4-41b5-a15c-5b1d668a8ba0,9525,430,4095750,false,2024-10-09 20:40:47.583 Z
70c0797b-f88d-4663-a62a-0c6c8f3c4e34,32b1df10-354d-4ffc-9866-57331e7f31fc,cancelled,direct,2024-09-26 20:11:59.550 Z,8da82729-f5d5-45cb-8686-c2f15a5313af,3849,190,731310,false,2024-10-09 20:40:47.586 Z
21b8fa1c-6481-44ac-ae91-609b0f8643a1,75da3c81-1d06-4b89-93be-4ec9e5b6bfc1,cancelled,direct,2024-08-13 19:05:13.065 Z,ca17dae9-911b-4d9d-bbeb-a42f6143b794,2549,135,344115,false,2024-10-09 20:40:47.535 Z
0eec803c-cdb2-4280-a10b-0a8747b1cb92,8f86ffc9-a4c1-46f3-bbe1-54b73c471497,pending_approval,direct,2024-09-27 18:29:46.224 Z,765800be-6356-4c4d-933e-b43821a5fb3e,1744,101,176144,false,2024-10-09 20:40:47.586 Z
ea0cb235-a66a-4b83-8125-9cd80cbd9c23,0149ee61-2e9e-46a6-9f79-0792b6c9f9fe,closed_paid,direct,2024-07-19 17:50:54.827 Z,5abd18fd-e2a8-4959-95d7-f80b6139ce4a,548,51,27948,false,2024-10-09 20:40:47.575 Z
ac11ccf8-06b9-4336-900a-f37193dc9a9e,e9d34895-3f07-4104-930b-dc5f8b6807ae,expired,direct,2024-08-12 17:59:34.607 Z,caf4ebe7-2f65-4ce3-893c-d6d24c813362,9961,449,4472489,false,2024-10-09 20:40:47.580 Z
1d7020f2-4a15-426f-a309-0c394b9774a3,ac969196-8616-4b29-a357-0b70e49b175b,cancelled,direct,2024-07-19 19:33:45.673 Z,ca14306e-79c6-4985-8222-a13c474abc64,5239,249,1304511,false,2024-10-09 20:40:47.585 Z
18a06c5d-6c8c-4f8c-b795-99dd237991dc,838d8fc2-f317-4c08-9e7c-95e8a1bf4290,cancelled,direct,2024-08-17 23:36:29.825 Z,bd3b193e-9d61-4ecd-b880-8d9d04f1f95f,3915,193,755595,false,2024-10-09 20:40:47.584 Z
f978816c-273d-4520-bcc4-04f7a498f68d,776c2b2f-4665-4324-8365-e108c63322a9,pending_approval,direct,2024-07-29 13:41:21.359 Z,5b4e1c62-8bda-4c07-864b-3d483885f633,4709,227,1068943,false,2024-10-09 20:40:47.585 Z
67af42e5-fe1c-4378-bdcf-c776229de720,a517a27d-0f64-4d82-acaf-67681bb7d553,cancelled,direct,2024-07-30 19:12:55.184 Z,c62c271c-f509-4e9b-a868-755eb4bbb2c2,3727,185,689495,false,2024-10-09 20:40:47.582 Z
b745a5c3-b60f-4095-952e-07a7fec26e94,16793111-1d2d-4ff4-9366-8b320a5a49f5,cancelled,direct,2024-10-04 23:00:38.656 Z,cb5dd426-b92e-475a-b713-3e4c76991320,3748,186,697128,false,2024-10-09 20:40:47.586 Z
7a7c664a-7178-4dba-9794-ed936ca08eff,b06c139d-4de1-4654-afbf-760a79d1f9a0,bid_accepted,direct,2024-07-18 12:19:44.079 Z,05c8d8f1-ae81-4551-b1ab-d3da2e414fd5,1281,82,105042,false,2024-10-09 20:40:47.580 Z
3f4392d2-9c9d-43d2-a808-0b7d7a8d36bb,95350e28-ee18-4c0b-a47e-516f09bd17bb,pending_approval,direct,2024-07-29 18:12:05.170 Z,09433e2a-1c9a-48b4-a310-896e593d21a7,3731,185,690235,false,2024-10-09 20:40:47.585 Z
a7c635b2-80bd-4466-973f-41d40eab86a5,d93104c4-ea61-48e7-8149-6cdbf236c180,cancelled,direct,2024-08-14 15:18:02.300 Z,0095b6b1-dec5-450b-bde0-ef89a2b4fddf,9933,448,4449984,false,2024-10-09 20:40:47.585 Z
3ce864ef-88a4-4fa9-9b4c-422797ab0a0e,64fd237c-02fa-4974-b435-c4423b4b8b8a,pending_approval,direct,2024-08-26 15:47:31.329 Z,58546850-ecd7-4796-949f-cd9d9f80399c,8936,405,3619080,false,2024-10-09 20:40:47.581 Z
4b241f29-fb7e-4582-9654-27a0fb861dbb,0bf95469-227f-4fc9-b51e-d49577036a17,cancelled,forward_contract,2024-07-15 13:28:44.962 Z,e282bf43-fdbe-4717-a74a-afc8cd6c2b38,6850,317,2171450,false,2024-10-09 20:40:47.573 Z
5a287122-e2b6-490f-8f20-bdbbcc2fbe8b,3f476084-f3f4-497e-b657-a8e231583f3e,closed_paid,direct,2024-07-21 19:01:37.119 Z,015cdb37-164f-494d-b9e5-0230e4b452c5,5622,265,1489830,false,2024-10-09 20:40:47.577 Z
0875d73f-4793-4975-9160-63d44e69da4f,07969d60-cd00-4c46-bdca-306393934e83,expired,direct,2024-08-01 23:04:50.708 Z,2d679030-a23f-4bd7-8185-34eb3df80315,1030,71,73130,false,2024-10-09 20:40:47.583 Z
09467a0b-6e55-45aa-8567-38459f6bbe8c,dbdd293e-8898-43d8-8f23-85c16d378e89,pending_approval,direct,2024-08-12 23:40:22.487 Z,37612284-10c7-4c41-ae88-685f560785b8,1462,89,130118,false,2024-10-09 20:40:47.582 Z
d6265590-cb4e-48bd-aa0e-26083b7e595f,dab647c7-6982-4778-bcef-179c8579f059,cancelled,direct,2024-07-30 11:48:50.685 Z,f0fa14a0-591f-4f69-be24-a285a112533b,9699,438,4248162,false,2024-10-09 20:40:47.582 Z
d200331d-a4cf-4559-9116-98544985fb56,f68fb072-d1a8-4f84-b48b-9acb3159d852,bid_accepted,direct,2024-08-15 18:25:39.793 Z,33a1e8d2-5881-4cf7-bcef-09868a123565,4299,209,898491,false,2024-10-09 20:40:47.576 Z
343bddc5-e336-43bd-8a3c-a35aa43c1840,e14c1f96-f582-4f4a-ab41-b0badf4d34d9,bid_accepted,forward_contract,2024-07-13 10:17:36.271 Z,2466cd13-1edb-42be-9ef0-776f6a7cfafd,3085,158,487430,false,2024-10-09 20:40:47.570 Z
ffc03686-f434-4df4-8ed6-872bce0df7bf,1ad9f4d2-713c-4851-b3d2-412d3a6c975d,cancelled,direct,2024-07-14 21:08:41.563 Z,cfa4d6d3-77af-49c5-bb59-e39324bf0f15,777,60,46620,false,2024-10-09 20:40:47.585 Z
1f2bb0bc-906f-4a3b-a2d7-8f5eab7fb92d,5da90906-2413-4510-8ef3-e8d52c77955f,bid_accepted,direct,2024-10-02 00:29:53.699 Z,2c34eb8f-1976-4d39-b824-a918fdecb75c,2787,145,404115,false,2024-10-09 20:40:47.586 Z
159a850e-abc4-4dd4-b1a2-955a1bd66c31,80cbdc0a-39dc-4dff-8121-5b5a64b3d022,pending_approval,direct,2024-08-09 17:24:45.054 Z,ec600f63-4ce2-49c9-b5b3-8766e3aa50f0,3168,161,510048,false,2024-10-09 20:40:47.562 Z
bcb26a4f-69f8-4ca8-8aad-0c9be3a6d4a8,a7ab248a-28cd-4123-9ab9-f946fae813b3,pending_approval,direct,2024-08-22 19:15:17.573 Z,8d6391fb-e615-4eac-91d0-2a9c4cfd3819,4052,199,806348,false,2024-10-09 20:40:47.581 Z
80525d74-dc05-4a33-91a8-b9d500a6fe81,021e3ae4-f048-44cb-8efd-19bfad9e29d9,cancelled,forward_contract,2024-07-26 09:24:40.421 Z,d976e21e-36d3-4f33-98fb-670aac0b3579,3042,156,474552,false,2024-10-09 20:40:47.584 Z
163c756a-004a-471d-b0de-9da0bd974402,2e1f9a29-82e0-4969-a601-49286db927de,pending_approval,direct,2024-08-24 05:58:12.943 Z,c80bdf5c-cfd7-4791-a141-c22c505e4148,4232,206,871792,false,2024-10-09 20:40:47.525 Z
80c0f15b-d999-4b16-96c0-f73b906ccad8,bcbe5112-0ff4-48ad-b336-24e25fb5ea70,expired,direct,2024-09-26 23:43:06.230 Z,01a0b406-640f-4b63-963e-6961797f5106,3037,156,473772,false,2024-10-11 00:00:09.272 Z
6cf43e5f-0242-4bf4-8b11-b9c8357d9e5a,5bd03a78-ba47-4e88-b4b3-946d6d1f5ce2,expired,direct,2024-08-10 16:33:39.013 Z,816272f7-df87-45c6-b4e9-9b954166fc3e,8860,402,3561720,false,2024-10-09 20:40:47.581 Z
e7893799-e06e-47e8-80b1-cbd4b3062f0d,d0ce87bb-aa5c-4afe-bf78-5cb112e72237,bid_accepted,forward_contract,2024-08-21 05:37:04.693 Z,c767babb-9283-411a-9590-d68bf38d89b0,2433,130,316290,false,2024-10-09 20:40:47.579 Z
4fa2e66a-23af-4cc4-ab62-11653986437f,9b85c3f8-54ff-471f-88b7-a4ee5f1fc329,cancelled,direct,2024-07-29 06:47:18.257 Z,59b2b6c5-3219-4133-8e87-375a988fc097,3203,163,522089,false,2024-10-09 20:40:47.585 Z
6ebeee69-ca0c-4750-9320-b53c6874a24f,d2201ccc-ee59-4417-a6d2-2e2aee15dc94,pending_approval,direct,2024-08-07 15:00:34.019 Z,f2a25f58-5b85-4920-8e4f-20b770cfbb0f,8815,400,3526000,false,2024-10-09 20:40:47.585 Z
a58c016b-bf23-4690-835a-1338650b0685,9fb3a95d-0075-4ae7-adc9-9b46512d818f,cancelled,direct,2024-07-16 22:43:43.137 Z,3cd4164f-59b8-4ce3-98e8-a845dba1e96b,5152,245,1262240,false,2024-10-09 20:40:47.584 Z
067edea9-3384-49ee-9da5-dfe43fdd5482,a59b9d15-61ca-4a2a-ba5b-f8c741fd5a61,expired,direct,2024-09-26 16:01:21.466 Z,ab81edff-1802-41b4-81fc-afbbc5edc142,5545,262,1452790,false,2024-10-10 17:59:45.237 Z
21e37a9b-2799-4aad-b4f1-f37646a70cd7,04e4cbd0-11d1-4bbf-8a95-ef890d558b12,expired,direct,2024-09-26 15:34:19.173 Z,10d5caaa-41c0-407f-b45e-559d4c5ef766,6639,308,2044812,false,2024-10-10 17:59:45.237 Z
32fa3279-eee7-4d39-90bd-adb3d69d1887,3284d5fc-8e7c-4262-a54e-048a8b0d241f,expired,direct,2024-09-26 17:11:21.646 Z,6593a068-6c39-4359-8cf6-08c3fe0f0d2c,7609,349,2655541,false,2024-10-10 17:59:45.237 Z
b37bea29-6186-43cb-aeea-a3f90e227beb,e80b605f-7441-4ec9-9806-20fdb5e78a30,pending_approval,direct,2024-08-01 18:59:50.232 Z,17df1587-b1f1-4764-9af8-a707f5c8b0ee,5159,246,1269114,false,2024-10-09 20:40:47.569 Z
93d07812-e9ce-472a-80b4-b28f3eace633,4041ad1e-2080-4752-bfb7-5cefde599c40,cancelled,direct,2024-07-19 20:54:13.633 Z,7804cba5-7905-4e3e-adab-2c547955a47f,6981,323,2254863,false,2024-10-09 20:40:47.584 Z
a5f355cf-bbaa-4664-be7d-69c7bc0e4b0a,98b6c1be-4417-4c45-abf3-8c38250af59d,cancelled,direct,2024-07-19 20:12:05.173 Z,b7209c85-9b75-44bf-a72c-37677fbadf61,6028,282,1699896,false,2024-10-09 20:40:47.576 Z
34771dfe-45d5-4267-8191-f255116a7d67,660fb567-1a77-426e-b9b3-1de714438b45,cancelled,direct,2024-07-25 16:39:07.360 Z,9d9ff5eb-9aee-4519-9d44-db08220abcd4,3045,156,475020,false,2024-10-09 20:40:47.584 Z
7d4c2fcd-0b9f-498a-a886-42f5529ab5e4,5d02c9f3-9eb1-4b7f-9aec-1f0e6d0cb96c,pending_approval,direct,2024-08-14 06:17:12.434 Z,ff7605e9-02fb-4cb0-9a01-8bc7c91a7d9e,8226,375,3084750,false,2024-10-09 20:40:47.572 Z
effd6b13-2f41-47c2-a451-01329040ede1,e846bdf6-cf24-421d-b6ae-a0293e747f77,cancelled,forward_contract,2024-07-19 22:26:28.102 Z,ec68cbe8-f092-47f3-adce-ebe301f2889a,4531,219,992289,false,2024-10-09 20:40:47.572 Z
1ce08f66-5542-4a0f-9674-f2866fa5da51,9b9e176a-1097-4aa7-8a7f-272abba7dc4e,pending_approval,direct,2024-08-23 18:00:57.936 Z,797f67e5-151e-4b69-99a7-dc895c295e43,345,42,14490,false,2024-10-09 20:40:47.584 Z
6d364643-2a56-443d-a13e-78f546f9d549,250a5763-47b0-4861-9955-58ad48b08066,cancelled,direct,2024-07-22 23:14:57.068 Z,62d5151c-a6be-4936-9a4b-efb74cb7ee2f,2643,139,367377,false,2024-10-09 20:40:47.569 Z
e251422a-ec14-4390-b7b8-cbd900008837,ec870631-9cac-486c-b694-968af8dfecf8,cancelled,unknown,2024-07-13 10:42:50.693 Z,70b25479-c942-4377-b8fc-bd0158da8977,1681,99,166419,false,2024-10-09 20:40:47.571 Z
24405323-eccb-4bdc-bd4f-9148e7f0b2e2,d58c1789-1378-4c38-8f41-350bf08628a3,pending_approval,direct,2024-07-26 18:00:38.258 Z,7180ba7e-a69f-45b1-9a6e-9a8983736f3a,9204,417,3838068,false,2024-10-09 20:40:47.584 Z
5c9a65b8-90aa-4538-a2ba-9e3385c390d4,a9540cbd-b984-41ed-a60f-10a889af1486,pending_approval,direct,2024-08-06 21:11:19.146 Z,968215cc-5aa6-428a-a548-1d1c52e5201b,6695,311,2082145,false,2024-10-09 20:40:47.582 Z
5e944e9f-8d72-4b2e-947d-4295e2982816,82d6301c-ed9e-4078-bafb-3f5b927e3245,pending_approval,direct,2024-08-21 16:11:05.771 Z,55dfb720-a674-41cc-bc83-3e4e1db54904,6582,306,2014092,false,2024-10-09 20:40:47.582 Z
68df7cdf-1c97-4c88-9f0d-68239bf37cf8,89c70f79-a266-4f65-9a47-a64f9c6f9d81,cancelled,direct,2024-08-11 15:50:32.123 Z,33d5c0f4-fec0-4035-82b8-ebd37238c33e,1583,94,148802,false,2024-10-09 20:40:47.582 Z
349a1e28-d8d3-4250-94bc-c103c8630c56,0fc6e763-e993-4105-a658-f2d950242edd,expired,direct,2024-08-26 17:50:01.475 Z,265f94d2-e492-41df-ab6f-0b986e3262dd,8837,401,3543637,false,2024-10-09 20:40:47.586 Z
e5969ade-516b-41d1-b4e7-ee78f625a8ac,07fa964b-85d9-4a1a-a46b-273edcb604ef,expired,direct,2024-07-23 20:05:35.923 Z,bfc840cb-858b-4623-949b-64bc3c258d85,2755,144,396720,false,2024-10-09 20:40:47.586 Z
a2dde724-fab4-4f34-97ca-6a7cdbb5e103,02ed2c7f-6772-4667-9b3b-756a89850800,pending_approval,direct,2024-07-17 23:33:18.175 Z,307f9152-0675-43d4-9af9-8ce57204f85d,6676,310,2069560,false,2024-10-09 20:40:47.574 Z
a76597e9-6027-4548-88b5-57b04000e8b8,526ae6d2-ec0c-4c95-8c3b-a9094cd38935,cancelled,direct,2024-07-23 05:18:32.890 Z,c6c0cebe-9e1c-47e4-9822-77d58e4eaa82,9692,437,4235404,false,2024-10-09 20:40:47.581 Z
cb71a4dc-5ae8-4023-b68a-f634270b235c,6aff77b2-4893-4c70-9af1-a220bfa0fa5c,bid_accepted,direct,2024-10-07 16:30:46.053 Z,3dac89cf-a8b3-43fe-abd1-8da0ef25e323,6905,320,2209600,false,2024-10-09 20:40:47.586 Z
37ef715b-1628-4687-b8e1-c1a390b8d244,726331e4-c8de-43db-b689-499a6a73778a,cancelled,direct,2024-07-19 20:26:16.309 Z,ca0ea325-d507-4b6f-8755-ea8aec6e570e,9016,409,3687544,false,2024-10-09 20:40:47.578 Z
49095f21-06bc-4dc5-b942-ad3ad77bea66,f82cba19-db5a-4317-9390-fcc83d2d5844,closed_paid,direct,2024-07-15 18:10:40.522 Z,ab6db755-116a-4a8e-b35a-94227b2e7279,6956,322,2239832,false,2024-10-09 20:40:47.574 Z
2f84adbb-c6e8-4c2d-ad3e-ad109159e793,ab411f0f-1381-4d75-8206-9f93f13ded03,cancelled,direct,2024-07-17 17:23:21.943 Z,7ca6a5c6-9f86-43c7-bf9d-3017208e35a1,9394,425,3992450,false,2024-10-09 20:40:47.564 Z
c3c24ea5-d7b6-41cb-96f0-19fbe77ccddd,491efb04-b67a-4147-b1ad-858baeca8d97,cancelled,direct,2024-08-06 23:36:18.443 Z,29b52bca-990c-4777-8d96-2e6421ca82f3,1164,77,89628,false,2024-10-09 20:40:47.584 Z
9397e79f-53bd-4200-8bbb-bb266771a234,fef38d25-f43c-4081-addb-4fd0be86416e,bid_accepted,forward_contract,2024-08-12 22:15:47.524 Z,9730aa16-d536-4d3e-a54c-3db18404918b,7978,365,2911970,false,2024-10-09 20:40:47.581 Z
